"id","name","image","sale_ok","purchase_ok","product_price_type","area_uom/id","width_uom/id","height_uom/id","sale_prices_table/pos_x","sale_prices_table/pos_y","sale_prices_table/value","sale_prices_area/min_width_area","sale_prices_area/max_width_area","sale_prices_area/min_height_area","sale_prices_area/max_height_area","sale_prices_area/min_price_area","sale_prices_area/area_uom/id","no_create_variants","attribute_line_ids/attribute_id/id","attribute_line_ids/required","attribute_line_ids/value_ids/id"
"","Enrollable Rhin Ø43 - Gredos (2D Table)","/9j/4AAQSkZJRgABAQAAAQABAAD//gA7Q1JFQVRPUjogZ2QtanBlZyB2MS4wICh1c2luZyBJSkcg
SlBFRyB2NjIpLCBxdWFsaXR5ID0gOTAK/9sAQwADAgIDAgIDAwMDBAMDBAUIBQUEBAUKBwcGCAwK
DAwLCgsLDQ4SEA0OEQ4LCxAWEBETFBUVFQwPFxgWFBgSFBUU/9sAQwEDBAQFBAUJBQUJFA0LDRQU
FBQUFBQUFBQUFBQUFBQUFBQUFBQUFBQUFBQUFBQUFBQUFBQUFBQUFBQUFBQUFBQU/8AAEQgBCQEJ
AwEiAAIRAQMRAf/EAB8AAAEFAQEBAQEBAAAAAAAAAAABAgMEBQYHCAkKC//EALUQAAIBAwMCBAMF
BQQEAAABfQECAwAEEQUSITFBBhNRYQcicRQygZGhCCNCscEVUtHwJDNicoIJChYXGBkaJSYnKCkq
NDU2Nzg5OkNERUZHSElKU1RVVldYWVpjZGVmZ2hpanN0dXZ3eHl6g4SFhoeIiYqSk5SVlpeYmZqi
o6Slpqeoqaqys7S1tre4ubrCw8TFxsfIycrS09TV1tfY2drh4uPk5ebn6Onq8fLz9PX29/j5+v/E
AB8BAAMBAQEBAQEBAQEAAAAAAAABAgMEBQYHCAkKC//EALURAAIBAgQEAwQHBQQEAAECdwABAgMR
BAUhMQYSQVEHYXETIjKBCBRCkaGxwQkjM1LwFWJy0QoWJDThJfEXGBkaJicoKSo1Njc4OTpDREVG
R0hJSlNUVVZXWFlaY2RlZmdoaWpzdHV2d3h5eoKDhIWGh4iJipKTlJWWl5iZmqKjpKWmp6ipqrKz
tLW2t7i5usLDxMXGx8jJytLT1NXW19jZ2uLj5OXm5+jp6vLz9PX29/j5+v/aAAwDAQACEQMRAD8A
/VOiiigAooooAK8w8aL/AMVHdn/c/wDQFr0+vM/GKZ8RXh6/c/8AQFoA58ClxSlcVJLayRRJIykI
4yDigdmRY5z3rG11f9J/4AK20XvWTraD7Svf5B/M1N7sdrGIVKqfSoyATzVuVMIapSuEB5xVDQ18
DpVdyBz39arXOrwwK5dwoUFixOAAO+a801j9onwNp2Q3iG1kI7Q7pP8A0EGpTuWemNOoqBrkA9a8
I1L9rDwdbkiK5ubn/rlbtz/31iuY1H9sLSFB+y6XqE3pvCIP5mqCzPplr0JkZ/Wq0l+ueWr5J1D9
r/UJci08PBR2aW5z+gUfzrmtQ/ai8ZXhIgtbC2Hrsdm/VsfpQOzPtKbUo853AfjVWTV7dMkuv4mv
hS/+OXj7UAQdXECn+GGBB+uM/rWBe+NvFupZ+0eIdRKnqq3DKPyBpiPvu68U2NupaSaNVHdjgVze
o/GLw3pWfN12yiI/hNwufyzmvg64jurx91xdTTt6ySFj+tJHpSMeQWo0EfZGo/tPeELAnGsGdx2h
R2/XGK5TVP2wNGXcLW1v7o9iVVVP5nP6V81ppC8fu/0qwmlEdI8VSGev6n+1vqdzuFloez0aacn9
AB/Ouaj/AGgfFuq6tarL9ns7V5kEpiQk7Nw3YyT2zXHQ6SxPRRWjpumgajaDr+9ToPcVQro/R+x0
2O3QFQAAPl29xgVveEuPFWjY/wCf2H/0Na4nRpJAnztnqPTPPXiux8HZPirRfT7bD/6GKDI+nKKK
KyAKKKKACiiigAooooAKKKKACvNvGAz4gvP+Af8AoC16TXm/i4f8VBd/8A/9AWlewWuYDjAPFdPc
qG8JwEgE7OOK5sg88V084x4Ti/3P60FnLRjPFZmtqDdJ/uD+ZrXiXmsvWxm6T/rmP5moW43sY0v3
TWZeICpFa0oxnisu8AANU9hJnEeKrBb/AEy+tC5iFxA8JZeoDKRkfnX56roMbNjJb0Ar9Etc6Pj0
NfBFsMyClErYxTooUkBRx6mgaOc/wCuo0uBbjUo0ZQwY4IPel8WQx6bexRwRhAwYtxnvVi5rmCmj
oBywH0WiTS0H8Z/Kuj0u3S4sVlkUMxJqSS2i5/dj8qCbs4+SwiXqfzNAtoAMYQ/UmtjXo0SwbagU
5AyBXNBfmpoa1NKK0jlbCJGxHZeavQ6XK2B5Y/PFVvDa/wClS9D8nYe9dVDyBjpSE3Yxf7FlI+4o
+rVX1KyfTIVdwrbjtAB/+tXVqMrWL4vX/QoOuN/9KadhLczdCUanfiBl2KQTkHJrstH8N2n9q2Qb
ew89Acn/AGhXIeDVP9r/APADXoumLjULZvSVf5ihu42fYdvAsV1Ki9FkYD/vo11fhBMeKdG/6/Yf
/QxXO26briRhyC7f+hGup8IJ/wAVPo//AF+Q/wDoYq+hJ9IUUUVmAUUUUAFFFFABRRRQAUUUUAFe
deLR/wAT+644+T/0AV6LXn3itc65df8AAf8A0EUAc+4OM5rpZx/xScX+5/WufMR5rop1P/CKxj/Z
/rULc0ZzUS9KydcGLxf9wfzNbUa9qxtd/wCPxf8AcH8zSW4S2MiTJrKvO9asrDB9qyb1sAmrZK3O
Q1w5D/Q18GWg/eD15r7x1lvmPpXwhZ8zL+P8qmJZo+HIvM123TGcsePwpfiDCYtSt85yVY8/WpfC
nPiS2A7sf5GpvicP+JlaEDHyNx+IqyFuR6HFnQ4ifU80sikDng1Loa58OxZHckfnSSD5KBPcwPEK
gWGeTlhXMgYY9uK6rxIMaevu4/rXLkfMee1BUdjV8MpuuZx/sj+ddZCgGOnHpXLeFf8Aj4nIP8I/
nXWwJnGf8KBS3JlT1wKwvGQxaQD/AKaf0ro1TjINc741GLW3Gf4z/KgS3KPgkf8AE3J7bDXpNnGF
nhbrhwf1rznwOudVfP8AcNekwx7YwR0Bzmgctz7GsVyScdST+prqPCQ/4qXSP+vuH/0MVzengmJG
Oc+p+prqfCS/8VJpR/6e4v8A0MVSJPoaiiipAKKKKACiiigAooooAKKKKACvze/ao+PPj/4d/tJe
MrDQvEE1rplvJYlbaWNJYFD2URK4kU7SW3N8pXPTOSTX6Q1+Xv7YOj7/ANqbxjeXMdw1kq2Msm2N
HV0W1t/lAbg5bPXuD2BrKo7LRnTQV5PS+h2PgX9svxL9hup/FPh+wngtIhuk053SaVjjB2fMAMbi
eRjHGc4H0JoP7S3gzxFoRtPtRtr6LCy2wZZmTJGD8hOcgg9OBnPSvkC4ls4fChmlsreC5nhDmK5+
dkUv8v7teoGEzjPJ6YODwehwv4T0hLO0jkS71zUI7eRhEXcLGN5hHdcl1LA4HGCDyRpePoXGnztI
/RzR/Feja9b2s+nala3cd1uEJjlGZCvLADrkDkjsCKg18Yu0/wBwfzNfMn7Mnh9NJ+OOqtNNLbeb
pfnJpEq5EMu7b5gOTg+WCv0b2AH054h4ul9kH9ald0YTSWiMKdgAayL1vlNaNzKTnNZF7J8hqmSk
crrD8n8a+FLLmYfj/I19ya1JzXwzp5xcfg38jSW5Ru+EB/xU1t9T/KpPigpGp2nPPlv/ADFN8Gf8
jPb+o3fyNP8Aimf+JlZ5/wCebfzqiFuS6IhHhmA5POT+pqOQfL+NT6N/yLMHPr/6EaicbhSWwPcw
fE640+P/AK6D+RrlW6mur8VfLYw+pk/oa5U8k+tMqOxt+EF3T3OeAFHT6muxiQZHr71yng1Rvujz
nC9PxrroF+YZz+NIl7ltE+T3rlvHAxa2wHXeT+ldaV+QDnNcn46XEFqe24/ypiW5U8AgnVZO/wC7
/qK9OVMxHPHFea/D8f8AE3ft+7PNeoKmIW47H+VA5bn2BpyAWcfTp2rqPCS/8VDpX/X1F/6GK53T
V3WMR7lRXTeElx4g0vv/AKVF/wChiqRJ79RRRUgFFFFABRRRQAUUUUAFFFFABX5oftjTGL9oXxdE
ZyhmexCxvCQCPs1upIcA8YZs+m36mv0vr4J/ahurLS/i346uZbe0lv5I7VLFruDOJfs0AOGDj+Fh
nII7dzUuXLq9uppTTbstzyH436xbQeGbe/sDBO+mW5V7+3XiFC2CCxyCck424weoGQa4Xwv4jlns
NJ1JFVraw1CO5MyDcucZYFSf4gvBPoa5J7651j7X/bMC3KTbxd2cEpIk3MH8wqvVScHcDg44Ndj8
L9LiuX1DayyafG9nbRW5dtkbm42neCc4291B6jkVk506/urY9OnGpTXN1PoH4PeLBr37QenTx3Ei
x3MVyEhCgAJ5LPhiDzzhvrj0zX0x4l/1w9dg/rXyV8J7y5k/au0MQadDp1jcW1xM8Vrhov8Aj2cK
ykjcAcZxyB+p+tfE3+uH+4P61cY8lkcVfWRyVy5z1+tY9+/ymtO6b5jisW+bg1XUyWxyutyfMPrX
xDYAi5I6kbv5GvtbXHzIPrXxVYZN5Jn1f+RoQ3sdB4J/5Gi1/wCBfyqX4rkjVLLP/PJv5imeCOPE
tsR1+b+RqT4sjGqWP/XJv51RHUm0pf8Ail7Tr3/9CNRleKn0sAeFrPJ5wf5monxtAz1pLYT3Od8X
D/RLf/fP8q5bue1db4tXNlb/APXQ/wAq5M/eJ/SmVHY6Pwcv/H316KP511lsMHofpXKeDBlrnuPl
/rXY28WCOCBSJluWsfIPWuT8d5+zWg/2j/IV16gFK5H4gLtt7P8A3m/pTEtyt8O+dXf/AK5nj8RX
qLLm1kI9D39q8w+HWTrLgjH7s16nKoW0k9dp/lQOW59i6YM6fAf9gda6jwlH/wAT3TD/ANPMf/oQ
rmdIXOl2x6fux/Kuu8Jp/wATrTT/ANPEf/oQrRbEM9vooorMYUUUUAFFFFABRRRQAUUUUAFfnv8A
tUSDxH8bPGukCExG0ayJmhGJHDWkTZ755AHQenXBr9CK/Ov48eJLfRP2xvFVvPHcNZXiW8Nz5WD8
39nRkbQ2QCQFHA6jnPFRO7jZHTh7c930PAbr4Z+INI8+4Y/b1E6MwWVTKilckjJzyw9MHPbIr0b4
ffDzUbqyutaHkWsNpqFs0rNtzuCr0BGOCccEcHOD3wvil8OxJb6jqtkdQuDYKqSSWr75oUz5h3qC
GQt8oHynqwGQM1z3wq8XeLfEviDwxpl7rU+o6asi+es80w+fzCvHQAjbjB44yAeteaqc6LutWe1O
pGW+lz2r4TXN7aftZaXYzQQPZGxnNrcA5kVPJZipyc4zwCOPlHfp9XeJx++H+4P614H8PPCsh+P9
hqcN75lvpiTWX2Z9pKxvFKVIw3GGVxjBJVl545998Tf67/gA/rXfTlzLmta55GJbcrN3srHF3Rxu
rEvjW3eD71YV9yDWnUwWxxuuMfMUe9fF2nkm8c+7/wAjX2brv31+tfGVgMXsnsX/AJGhDex0ngkk
eJrb/gX8jT/iyCNQsec/u3/mKj8C8+KLcDr82Pyqx8XQBqdgvRvKYkH6j/CmZLcm0wj/AIRayHQY
z+pqLGSKl03H/CLWmOSBgj8TTFGCMULYHuYXi4EWNv7Sf0Ncg2Nx/pXX+MWxY265yTJn9K48/fam
WtjpvBIy1zjn7v8AWu0XgDniuP8ABCg/ajnByOn412KoRjoaRMtyZPlH+Fcp8QeIbI9Bub+ldXGu
TjArlPiLhYrBeM/Of/QaYluR/DfB1tz28s5r0udt9tJjgBWP6V5X8P3ZNXG04DZUjHUbSf8ACvU5
F26dM3T5G7e1BT3Ps3RBu0i0I7xr/Kuw8KD/AInGnf8AXxH/AOhCuR0EY0Wy94l/lXX+E/8AkMaf
/wBfEf8A6EK0WxDPaqKKKzAKKKKACiiigAooooAKKKKACvy5/a+spH/a68VTW1yPMaC3URNnHmfY
I0I+XnlJB/kiv1Gr8vv2vZPsH7WniOR4pEgkNtI0kkuYmIsIV+6BlR0BIPOPyl3ukjak7Nu+x4tc
/ELVIb6WA7mllWGCNobgq+FZyN2zhnw/3h9PWtHw1q19a6ul0sl3KYLm3cOzvIJwHbZIyLyznksM
8g8e+Fa3+kp4lu7SW2WRzaqsdxGGDwy5IBUnr0AP3SS3UYOdTwfBHdeM7K2up1SK9mERlD7mUfLw
SOmVLEZ7Yx1rml7Vu0dE/wDM9bnpTinUV2vyf/BPp74A65qXiD47SapJFbrZT6e9tMY3Cq0oLOjq
pyWbaJMHJG1mweOfpHxKf9I/4AK+UPgTFP8A8NXSxT3DTQ2thMLYtJlmG3BLcHeeR82c/wBfq/xM
f9IOBzsFawvdpnm10k9DjbvOTWFf9Dit67I5rCvlyDWnVmSOI144kA96+L7Bj9qlP+9X2j4gH7wf
Wvi2wXFxL/wKkhvY1dD1Y6LqkV6E8wx5+TOM1V8V69deINQS5uUWPCbUVRgBc/rzWn4VsYr7XLeK
Zd8ZJZgfYVY+KdvHDqNl5SBALfGFGAMNVszW5h2L6u1oiRSsIf4VJAqb7NrL5IlYf8DFadnGE0i0
lXIJXmjzmLY5qEwb1OZ1eG+jWM3khcEnbls/Wsgjkn1rpfFZJs4D3Dn+VcxuyTVlLU1NFttQnkk+
wOykY3FXC1tCz8SgcSP/AN/V/wAaTwP8qXLHHLAV1qAhh1Ix1NIls5SOz8UKTteX6eYn+NY2vrqY
eIakXY87d5B9M4x+Femx/Xj1rj/iHgrY9zlxz/wGhAnqc/otne3l4IrIskh5BV9vb1/CuwTwz4hN
szSXbGMAkqbhjkfSsf4eEHWHB/55Ej/P416Y7kadcYPOxv5Uxtn2l4YJfw5pjE5Jt4zn/gIrtPCg
/wCJxYf9fEf/AKEK4nwl83hbSDnraxf+giu18Kf8hux/67x/+hCtFsQz2miiiswCiiigAooooAKK
KKACiiigAr86f2otHsdT/aN8RmW+s5Ea8tUuYJbgj7PtsbZ0Z8rhM59cEHPXIr9Fq/Ov9rKEP8dP
GcdhYwSXrNaTXVzLbhB5QsoovL3yOI5MiUkjacKDnkCrhe+gXPm/4i6HNpHiF1tdMeR54454JrRw
fNVAQXDdOM4OeO/cGtW18T2lh4n8JT3OnveXNrdOrvbrs8871fO3AXevzgA/eyR6VraNHF4b07St
QsEtEhJeJ4CdzRN8pZFDbwM4BGCSMZ9MYelrdWPxKt9Smsc2w1OIJG26WKOOMAxgkAAKQzfXB5OK
U7RasdMW5Rdz6G+BmrWviP8AaUfUYNTicPYyGKyETAhAmMhsYGMqNuRzkkZ6fTviYf6Sf90V8nfs
taT5Px/vpfLtmSOwm8twFRwCU5A6k8kH2A9DX1f4k/4+n/3R/KsUved0TNp2SOPvBkn1rEvVOCa3
bpeT61k3i4B4prck4XxAnzj618WWaYu516YLV9s+IE5H1r4rtlIv7r6v+HNNDex0XgZM+II8dlP8
qX4rjOqWg/6YE/8AjxqbwCmfECemxqi+K2f7Zth3Fv8A+zGm9jFbkVqQmg2qkfwiolA7/hT1cLol
mO+0U1OU4qUxsx/FhAtIB/tn+VcsOp7V0vizi2tgeu5q52PPNWVHY6rwUf3VwOBlx/KuuQ/MB/Lv
XJeDIyIbgjru6/hXT7scH/64qepL3LatjPbmuR8ftlLH6v8A+y104kIHB6da5XxwwcWXoN55/wCA
00C3Ifh9xrLn/pkf5ivSpZP9BnA5G1un0rzfwEoGrO3T92f51308v/EvuWznCN/KmN7n274POPCW
jH/p0i/9BFdv4U/5DVh/13j/APQhXF+FcL4X0gf9OsX/AKCK7Pwqca3YD/pvH/6EK0WxLPaqKKKz
AKKKKACiiigAooooAKKKKACvzt/aP8DX93+1P4l8Ux2/9rafZNZ20ttDdxq6tJaQARNE+C4YcjAI
yVIyVK1+iVfJfxz/AGWY/H3xS1nxbaa7Lo+tzz200FzCM+V5VsqIrKeHxIFkzweCucHhp2KR+d+v
6sdD1O6gcKsgma3eG5lJePbnGc8ggEjGCcLgiuh+Gl3djx/okltp/wBkW9vEuJkLHGzkleoJyF5P
oenevf8A4j/8E8r/AMaeLr3XLPxqlj9rnjuJbea2Z9zhRvLMrrnc2W4AxuNdHqf7CGs2uj+HptP8
TWFnqOnTeb9qjtZF+0DnYG/eEgjpkdfTIFKTUk4s6E0tmR/sza3aT/HjxRpt1qSXOqR2plgVF5li
yA5c9SQWXr03MPSvpHxEM3jfQfyryv4Q/s1XXw3+KV14yvNYh1OeewltGBjfziXeNss+7aRiMDhR
298+q67818/HYfyqE03oZSVjlrmLDHisu8j+St+5i68Vl3UeVIxT6gcFr8WR+NfE8SY1G8Hoz/8A
oVfcfiBQFP1r4i3K2ragVPG+TH/fVNbgdJ8Oot2vlueI2qr8WSBr8C46Ww/9Car/AMPHVNYkJOP3
ZrL+KMyy+IUI6C3Uf+PNSZkviKxyuk2g/wBmpLMbwB3po50q0J/uip7LauDn6ZqBsw/GMOyK2/3m
rmE4Y9q63xkdyW592/pXKhQWNaIqOx1XhJQbaYjOd39K3WkKD72SexrB8IMI7a4VuRu/oK13cOw5
o8iXuW0O5Sc1y3jByxtQD03f0roVfA4OT61z3iv71vj0b+lMFuHgkldSk75jrtrxyNMn5ydjfyrh
/Bx26k5H9w11N9cFbC5HT5G/lQN7n3v4W58L6Oen+ix/+giuy8Kn/ie6f/18R/8AoQrivC2R4X0c
H/n0i/8AQRXZ+FG/4nmnf9fEf/oQq1sSz2+iiioAKKKKACiiigAooooAKKKKACuE8T/8hu5/4D/6
CK7uuC8UkDWrn/gP/oIpMaMxpMVq6o//ABKbL6D+VYqoZWCoCWPAArZ1xDDY2UbcMowR74qTQy1O
RXNa3/yEZB7D+VdFHwa53WBnU5eew/lSjuKWxmSqCCaybuInOBW0yYyOxqrLGOeOa0EjidZ8NHVo
JoZHeNZUKFozhhkYyD2NeU6J+w34J1i6uInvtbgCQmQeTcR9QVHeM8c19ASqBW54EiD6pdgj/l1b
/wBDSovqU27aHz74S/4J7eFdbvLmNPFPiGxMagqUkiJ5PfCCvDf2kP2a7X4P+NpNHtfE+pamkekR
6iJroDdlpZU2cHp+7zn3r9M/BNqINRumHGVFfFv7eEbS/GK4x/B4Yg5/7b3NOWiM4NsyNM/YA1fU
vCWkatbfEiVVvbaOdbeXTmIj3KDjPnc4z6VA37A3jVT/AKP4+sH/AOutoy/419s+BE/4th4Uz302
3/8ARYq+4C8gUorQUpNOx+YPx0/Zy8ZfB6DSJNY8Q6bqcd8ZRF9lRgV2bM7soOu8fka8ctbDUrye
6iiuIt9uwDlhgcjPHFfd/wC3urvZ+DVAyv8AppP/AJL4/nXx34fss6prOF58yPp/1zU/1ou72NYv
3bs6z4Yfs/fEz4iaFdal4bj0y5tYbgwOJ5xG28KrcA44wwrorj9lb46W5+Xwzp91/wBc9QgGfzlF
fTf7FCeR8NNVHIxqz/8AomGvoNpT5owO9UmZSnrax+ac/wCz98brHIm8AySY6+Tcwv8A+gyGvO/i
LoXjHwTNaJ4p8L3WhtKrGL7TlRIAQCQcY4yPzr9eS+VBFfDX/BR9t194PB6Lb3Bz7746G7IcHzNI
+W/BV3q2oX1wumeH77WJY0BkjsI2lZAehIVTgcd63by615s2snhTV7aWY+Womt2QZPAySBjrXt//
AATjRo/iL4ql6BrC3A/Dd/jX3nrs5XRNSJPS3k/9BNKMubUudoux5nocbQaBpsTDa0duikHsQMV1
nhRsa7pv/XzGP/HhXMwODbRem2uj8KNnXdM/6+Y//QhWiMz3WiiipAKKKKACiiigAooooAKKKKAC
uB8SxtL4guFUZJ2/+giu+rmNTtlGszSEZLFf/QRSKjuJpGjx2cPmsA0p/i9Kz/FJ+aAfWujU4ixX
MeKG/fxD2NIq9zHU1zersTqs3/Af5CuiXrXN6sP+JrKf93+QqY7hLYgkGRmq0w5q03INVZulaEFG
bANbvgD/AJCt2f8Ap2P/AKEtYM3cVv8Aw+51K8P/AEwx/wCPCoe5fQ9J8KIFup29Vr4q/bej8z4q
61jkr4Yt+f8AttOa+2PC64mn+gr4v/bOt3n+LOvBG4Hh+2Ugf9dJv8aJ7CjufVPghgvwx8J+n9mW
3T/rktW5XBx61m+Em8j4beF0/u6bbD/yEtPa6APXNCdkjGfxM+aP23Ea5i8IRkcD7Wcj0zBXyx4V
08HUfEDbdxWaFce/kp/jX1T+2PIJLnwkpPRbk/rF/hXzf4Dsi154s3NjdeRDIzkZt4T/AFqV8RtH
4D6v/Y9UxfDvWBjGNXfI/wC2MNe7eYSRXgv7I0jJ8P8AWQ2c/wBsSdT/ANMYa9wSYfKCe9NGU9zU
DZTGfpmvhf8A4KMTM154YVsgrBNggf7aV9uSzbEzmvhP/go3K7XPhgDnMEuc+m8UN3QQ+JCf8E8J
2/4T7XUPT+z1OMd91fc2vTD+xNR7fuJP/QTX5+fsE3k8PxRlSNyscttiQA/eHluQD+Kg/hX3nrc7
f2VfA8AxsP0pU9ma1viRysTf6NAf9mui8JNnXtM/6+ov/QxXMI/+iwH/AGBW/wCEHJ8Q6X/19Rf+
hitkQfQVFFFIAooooAKKKKACiiigAooooAK5vVSBqkhJwOM/kK6SuR1xiNYmycKu0/8AjooGtzTa
4VUB5OeRgda5HxXcn7REQRgg1viTMG4jn+Vcr4lb97H9CaCmrIzllDscjd/vVzusuP7Qk2bl4HIY
jsK1yxEn1rnNVmP9ozAnjj+QoJvcel5LH1IkHoRg/mP8KlMqyrx8p9D1rN8zPvSecF46igpIfcde
at+HvEH9gXM0vkeeJE2Y3bccg56e1Zk8x25JyPXvVY3AGBn8ayKPRNL+LEWmuxexkfd/dYHFeUfF
jwXofxa8UXmuS6lf6TcXNnHZtGsSSIFRmII75+Y960WkB+tRM47UN30YrHoWn+KNLg8P6dpgvATa
QRw+Y0bLu2qFzjHGcetM/tW3Y/Jd27D/AGplX+Zrz0nPvUZkH4UXJcEzl/2lvAniX4g3GgSeHLCL
UltEmEwS9gUgsU24DOM/dPSvCfD3wn+JHhy91yS48GansublJE+zxCbIWCNM/IT3Uivpsy7eRTTe
SR/ckZfocU0rlrRWIP2YfDutaT4B1CPVNIvdKun1SWTyb62eFypSMBtrAHHHX2r1HU72DQ7OW91G
7t7GzgG+We5kEccY9WZsAD3NebprN7C2Y7ueM+iyEf1r4d/4KGfF3xHe6zo3hRNRl/suGMzywPys
krAYY+uFIx6EmqskjNwbdz9EdB+I3hbxjO9toPijR9ZuVXd5FhfxTPj12qxOK+Pf+ChkzNrHhaGQ
bd1tJx/wMV8efCW31Twp4UvfiFYeJF0vUbC/hs4bOEESzKxG98jjClk+U8Hn0r3jwJ4K+J3x+uIP
EPijytYsr2TybXVNUvZSunpGWZzHbwvGGRmG0BieQM+pTWhUYWdy3+yx4quvh/41udTh0O/1sxW8
USxWigAMyOCSx9BngAk9ga/QY67a694W/tOxlWazvLUXEMi/xIy5U/ka8w8NfDPwZ4f0+5sv+Eft
L6K7jWO7W7iVop9pyrNEoWMMvYqoI+uTXI+CvF118KPF938PNTY3Gh6rI82hXszElQzZeAknqCfz
P/TRQCMbBP3nc9jLYtbf/cFbvg9s+ItK/wCvuL/0MVz0jf6LB/uAVu+DHB8RaSP+nuL/ANDFWD2P
ouiiiggKKKKACiiigAooooAKKKKACuN8QknVpgPVP5Cuyri9dG/XbhR1wuP++RQNbixzhkdc9Dgi
sHVozf3cSQqZGVGJCj0JNVxrC2mt30Eh2hgsqg98jH9Kl8P32fEEDtjazbD9Dwf50FSMby/9IgHq
239ax/F2kG0vGnAI3Yz6dK375fsOriI9I7jH60vjuRHtCeOPT6UyUjzwyYzg81G822q8kuARVeSf
is7amhdR3lQlMcetUZpfJyWBCj7w/u+/0q/aN/oy9ieaju7RpYzIo3YHJxwR6GloBSMxUkU3z+Oa
pQvgyQ55jAI/3T0/kR+FKXx3/WhoZcMuaYZsVVMuM800y5560aIRO0ufeo2fJ5qAy/hQWLYHai7A
kaTvUF3YWmpxmO8tILqMjBWeMOCPxFSBdxFTKPatAMWy+H3hazhdI/D2mbHO5le1R+fxBratYbfT
EitrS1S2tgCAkEYRE5z0HAzk07OMU15OTQBbSbn6Vw/xT8HQePtE/s9pfs19HKs1ldDO6CYdCCOc
Hocc9xggEdObjYKw9S1ELfwjOfnGPzoAt/DDx2/ivQprDUCV13SJTaXiOgRpCpwsu0EhSw5IBIBz
glSrH1DwS/8AxU+kD/p7h/8AQxXzB8brT/hG9RsvGWkagNJ1O6A02fNytukzlG8iRmZ0XKMAGywy
meuwA+1fs5X3iW/0vwjdeLREut3E8EsqxJs2hnUgMBwGAPOP55pLzCVuh9k0UUUzIKKKKACiiigA
ooooAKKKKACuE8RXi2uv3THqNpx/wEV3deSePLor4pvY84A2f+gLSGtzj/GzX8N6urWMD3sK/wDH
xbQjMqju0Y/i9SvU9Rk8Gfw34ms9YtUurC6SdFbaWjPKMOqsOoYdweRVsXOO/wCtcf4u8HR6neHV
tLml0vWQADd2ThJJAOgcEFZAPRww9MGkn3NLXOt1TUnvLmWZn3SMQxbpk+tc3rviWS+klgOVUNyc
1ycnirxHoKqur2dlqa9BLbTi0uG/7ZSnYfqJB9BXPH4saFLdzrcyXOnvvIdbq0cIv/bUAxn6hiKd
7hynWSz5J9KbBE1y47Lnk1gR+PfDN1xFr2mux7C6jz/Or0XjDSYoyU1G1Cf3hOn880mykjqU2Qgb
ug6KOtNkv5lJ2bUTGCD3FcmfHulPkW9/b3Mn/PK2kE0h+iplj+VRTavqWrDbZWr20R63V4pjAH+z
H98n2YJ9amzHZLc1p/LMzMmMnIOP8/Wqrn0NMhiFpAse8yMOrt1Y+pxTHc9KGIGkxUfmH1ppJOaQ
GkVykqHnmpUGarKxqdH6c80CaLSgdaUmmo2QP6USHFWiAZwKhkl4NRyzYJ7VUmuQoPOKoAuJcA81
y+oS79Vtxn+McVqXN6OxrlfF2tWfhjQtR169kCw2MLTfMcBmA+VfxOB+NAJHnnjpf+FwftAeG/BC
fvtE8P8A/Ex1QDlWdQrFW/OJP+2r+lfYPgiX/irNFHrew/8AowV8n/se+GbmLwjqnjbVS0mreJbl
pllkGG8hWbB9tzs7fTbX1F4Cmz4w0MZ630H/AKMWmgZ9Y0UUUjIKKKKACiiigAooooAKKKKACvFP
iPL5Xi7UD/1z/wDRa17XXhfxUJXxXqBHpH/6LWk9io7nJ3Gq+WT83SmW+rGVsA1zF9cuZSOas6VI
5lUHNZmyN7XPDmn+LLEwX0RY4OyVDtdD6g18SfF7w7qHwyu9Rsb7XdYn+03Kf2ZdpO23yd2JARn7
y4H13CvuuA4GM188/tMaRb6z4GWWRA08WpRCJj1G+TaR+IP6VLS3NE+h4x8F/Aep/E7Xpbm61TUP
+EdsMLOZrh386U87F3E9up7Zr6l03w1o+iW6Q2Om21uijjbENx9yepP1rmvg7pMGgfDjS4IECeb5
k7nGCzM7HJ/DA/CuuaaqSSJbbLHm9hUby9arNLx60wzDHvTuSkPkkxmq7yU15eDVaScev50iicv1
5pu/3qobgHIzTRODQMviTjrmpFk596zhcADk4A9awta+Jfhrw7G76jrdlbhOWUyhmH/ARk0Admk+
2pHuBtPNeaeGPixbfEOO7bwXp114n+ysElNu0cQjJ6bhIwYA4ODt7Gpry2+MWpsY9L8F2ViG4El5
qET498Bwf0NNX6GdjtbmcBcg1iXt/tzzisrS/A/xbsH/AOJ5a6FIjD/V287B8+pbkfhtq/L4V1yc
T281mBqPlGa2gt5BItyF++iscYcAggEYbnByMHR6biM2XUgScGvnL4++L7j4jeNtD+GGjzFZLu7S
O8YdY+5LD0C5b6AnkEGvrOy+GVveWEGo/abspbKv9q2MSh7iFGB23EQAPmRn72AM4Vl5ZSByXgr9
nzwgfijq82s655vjjUgdR8P6zZvhJbHy1RRGrAoxQA5AySGOcjpDaHax1mlW1poOkWOl2MYhs7OF
LeGMfwoqhQPyFdl8PbkN4z8PjPXUIB/5EWta70PRtR06Cyu4xDqdiYbeZolCyMSQoY4GGVuoOPyI
Iplve6LpHxD8I6PaQKl/JqVu37tWOFDjIZumSOcE5wCapSIZ9X0UUUzMKKKKACiiigAooooAKKKK
ACvE/idbmTxRfsP+mf8A6LWvbK8g+IGz/hJ7/cemz/0WtTLYqO54/d2Ba6Ix3rUtLNLcA9KkvZIo
7hjxUX2oN3/CsmdCNKKXJrwf43Os3g20BPXU7Zv/ACJXtUNwARzxXz18ZNSD+DdK2nhr63b8jmjo
M7L4dXAPw/0Fu72iN+YzW09wPWuS8AXYj8A+HUJ/5h8H6xqa1nvBg807gaJuvU4qNrrrzkVktd+9
RPe8YzQBpS3eBjNUpb3HfFZ099gZzWbc6mq55pXA2G1AbsZr4/8AHX7Y3iXRPHGvaKlpBDZWGoT2
iS23EhRJGUMdwbJwO2Pwr6Tm1na/3q/N74jXXn+PfFFxnJk1O6f85WP9aaJkfQdn8f8Awr4lIHiH
xJr0bHqHg/d/lmTj6AVh/Efw74M8YWY1Lwb4yt01BBuezvL1ozLgfwCQjB9sc9q+cBOD1FPEyHGT
g+9Mz1XU+of2NPiF4s+DvxD1rUrPw9P4qt30xkuLW0YB9vmxnzMhSWx9DjP1r798L/tOeDfH9iIr
fWYfD2uledL15PsjhvTceDz6ZPsK/G/S9cvtGuPtGnX9xYzgcS20zRt+akGuqf4xeMru2FvfeILr
VYB0j1Mi6A+nmBsfhVJ2A/WjxL4o8W2CkxaYbi2cFkuLfMqMvGCCoPYn8q8o8YalN4tsBputS61o
8sU3nQalpUypJDIMgMMjIHXPXIPSvjPw9+2P480PQrLQ5Gt7vSbSPyoYAZIyi+gIbH6VpQ/tO6Rq
Um7VvD9zFI3V4JxNn8G21blfQL+R9ULqniTSNMg1F/GttqOo6OzSWmvWkrW135bjEkNxGQUcMQjH
cGG9AxXk49S8O/GHwnf2Pg/XrcufEaWV/aIUiicJJJJC8vmQRbN+9k3AptPDZxuavhVPjL4IuIiI
iYPM+9HNblR+JAIp2l+M7qx1DTLvwPrUkHnXZjeBr/KCZjkmOLcNq7cDLKFOcHvWTS6Dvc++h8UY
E8Miex1uPxJ4klk8tp5LEQ+QhkDFEiB3lMcD945BwS1dR4L8S+GpPEng6axjVLq+1CGMywSbXDiV
AwcMdzAnjPP1B5r4A0jx14i0rxXPe6bosevwPnfpdnM8cmcfMCE2twc52xqB06V6d+y18Q/FWpfF
rQkPheO4sZPENlFKz3SpLaK1wgZ8GLc2wclQwBxyKEM/W2iiitTAKKKKACiiigAooooAKKKKACvA
vi1q9vpvivVnubqK3iRYyxkkCgDyl9a99r8/f2pf+S+a/wD9dLb/ANI4qzqPlVzWkuaRvax8TdAs
LlRNqKNuIA8tS46gdQMd6wpfjboxUNDb3bggEO4VB0zk5OcduleaS/8ALD/crlbz/kIx/wC+P/Qa
5udneqaPV7/43Xd3AYrRILSYhiBvDvgDt+PXjuOK871oNrkOmWMuoShI7mJzE4BChUbJB+o96pn/
AI97f6L/ACrUl/12j/8AXJv5SVKk7lOKS0RpeG/HEFn4Z0uAR7zDbRQ434J2qB6e1ar/ABBsEQM4
mUHnhc46e/uK8sg+9D/16x/zFP0H/kGS/wDXI/zNHM0Hs4s9aj8S2k6krcIO2GOOfTmh9TVgQrhs
ehzXmt3/AKmX/d/9mNM8DdD/ANc5P/QzVKd3YzlTsrnd3mr4B5rDvNYBHB/Wkvvut9awb7ofrWpk
PudZw33q+CPFkvn6/q0h/ju5Wz9XJr7XufvGviHX/wDj/vv+u7/+hGmiJmVnHpTMknHFK3U0L0pm
YgPPWpQ5HRjUY70qdTTEbvhjT01e4njmdlCR7gUwDnIFbEng1if3V0D7SL/UVS8Cf8ft3/1yH/oV
donWpuzojFNanGS+EtRj5WNJQP7jj+uKoTabd2uTLbSxj1KHH516YnSnj+lTzg6aPONK8T6voV1F
c6fqd1aTxMGR4pSCpHevaf2Tvi34ks/2kPhlam7SeG/8T6Zaz+ZGMskl3ErcjHPPfvXkni7/AI+v
xrq/2Xf+TnPhB/2OGj/+lsNa36nO4pH9FtFFFaGQUUUUAFFFFAH/2Q==
","True","True","2D Table","","product.product_uom_cm","product.product_uom_cm","40.0","40.0","0.0","","","","","","","Use the category value","product.product_attribute_2","True","product.product_attribute_value_3,product.product_attribute_value_4"
"","","","","","","","","","40.0","100.0","0.0","","","","","","","","","",""
"","","","","","","","","","40.0","120.0","0.0","","","","","","","","","",""
"","","","","","","","","","40.0","140.0","0.0","","","","","","","","","",""
"","","","","","","","","","40.0","160.0","0.0","","","","","","","","","",""
"","","","","","","","","","40.0","180.0","0.0","","","","","","","","","",""
"","","","","","","","","","40.0","200.0","0.0","","","","","","","","","",""
"","","","","","","","","","40.0","220.0","0.0","","","","","","","","","",""
"","","","","","","","","","40.0","240.0","0.0","","","","","","","","","",""
"","","","","","","","","","40.0","260.0","0.0","","","","","","","","","",""
"","","","","","","","","","40.0","280.0","0.0","","","","","","","","","",""
"","","","","","","","","","40.0","300.0","0.0","","","","","","","","","",""
"","","","","","","","","","100.0","40.0","0.0","","","","","","","","","",""
"","","","","","","","","","100.0","100.0","65.89","","","","","","","","","",""
"","","","","","","","","","100.0","120.0","67.57","","","","","","","","","",""
"","","","","","","","","","100.0","140.0","69.45","","","","","","","","","",""
"","","","","","","","","","100.0","160.0","71.35","","","","","","","","","",""
"","","","","","","","","","100.0","180.0","73.25","","","","","","","","","",""
"","","","","","","","","","100.0","200.0","74.93","","","","","","","","","",""
"","","","","","","","","","100.0","220.0","76.8","","","","","","","","","",""
"","","","","","","","","","100.0","240.0","80.04","","","","","","","","","",""
"","","","","","","","","","100.0","260.0","81.84","","","","","","","","","",""
"","","","","","","","","","100.0","280.0","83.52","","","","","","","","","",""
"","","","","","","","","","100.0","300.0","85.29","","","","","","","","","",""
"","","","","","","","","","120.0","40.0","0.0","","","","","","","","","",""
"","","","","","","","","","120.0","100.0","74.69","","","","","","","","","",""
"","","","","","","","","","120.0","120.0","77.35","","","","","","","","","",""
"","","","","","","","","","120.0","140.0","80.2","","","","","","","","","",""
"","","","","","","","","","120.0","160.0","83.07","","","","","","","","","",""
"","","","","","","","","","120.0","180.0","85.95","","","","","","","","","",""
"","","","","","","","","","120.0","200.0","88.6","","","","","","","","","",""
"","","","","","","","","","120.0","220.0","91.45","","","","","","","","","",""
"","","","","","","","","","120.0","240.0","95.66","","","","","","","","","",""
"","","","","","","","","","120.0","260.0","98.45","","","","","","","","","",""
"","","","","","","","","","120.0","280.0","101.1","","","","","","","","","",""
"","","","","","","","","","120.0","300.0","103.84","","","","","","","","","",""
"","","","","","","","","","140.0","40.0","0.0","","","","","","","","","",""
"","","","","","","","","","140.0","100.0","78.49","","","","","","","","","",""
"","","","","","","","","","140.0","120.0","81.32","","","","","","","","","",""
"","","","","","","","","","140.0","140.0","84.35","","","","","","","","","",""
"","","","","","","","","","140.0","160.0","87.39","","","","","","","","","",""
"","","","","","","","","","140.0","180.0","90.45","","","","","","","","","",""
"","","","","","","","","","140.0","200.0","93.28","","","","","","","","","",""
"","","","","","","","","","140.0","220.0","96.31","","","","","","","","","",""
"","","","","","","","","","140.0","240.0","100.69","","","","","","","","","",""
"","","","","","","","","","140.0","260.0","103.65","","","","","","","","","",""
"","","","","","","","","","140.0","280.0","106.48","","","","","","","","","",""
"","","","","","","","","","140.0","300.0","109.4","","","","","","","","","",""
"","","","","","","","","","160.0","40.0","0.0","","","","","","","","","",""
"","","","","","","","","","160.0","100.0","82.28","","","","","","","","","",""
"","","","","","","","","","160.0","120.0","85.29","","","","","","","","","",""
"","","","","","","","","","160.0","140.0","88.5","","","","","","","","","",""
"","","","","","","","","","160.0","160.0","91.72","","","","","","","","","",""
"","","","","","","","","","160.0","180.0","94.95","","","","","","","","","",""
"","","","","","","","","","160.0","200.0","97.96","","","","","","","","","",""
"","","","","","","","","","160.0","220.0","101.16","","","","","","","","","",""
"","","","","","","","","","160.0","240.0","105.72","","","","","","","","","",""
"","","","","","","","","","160.0","260.0","108.85","","","","","","","","","",""
"","","","","","","","","","160.0","280.0","111.86","","","","","","","","","",""
"","","","","","","","","","160.0","300.0","114.95","","","","","","","","","",""
"","","","","","","","","","180.0","40.0","0.0","","","","","","","","","",""
"","","","","","","","","","180.0","100.0","86.08","","","","","","","","","",""
"","","","","","","","","","180.0","120.0","89.26","","","","","","","","","",""
"","","","","","","","","","180.0","140.0","92.64","","","","","","","","","",""
"","","","","","","","","","180.0","160.0","96.04","","","","","","","","","",""
"","","","","","","","","","180.0","180.0","99.45","","","","","","","","","",""
"","","","","","","","","","180.0","200.0","102.63","","","","","","","","","",""
"","","","","","","","","","180.0","220.0","106.01","","","","","","","","","",""
"","","","","","","","","","180.0","240.0","110.75","","","","","","","","","",""
"","","","","","","","","","180.0","260.0","114.06","","","","","","","","","",""
"","","","","","","","","","180.0","280.0","117.24","","","","","","","","","",""
"","","","","","","","","","180.0","300.0","120.51","","","","","","","","","",""
"","","","","","","","","","200.0","40.0","0.0","","","","","","","","","",""
"","","","","","","","","","200.0","100.0","92.52","","","","","","","","","",""
"","","","","","","","","","200.0","120.0","95.88","","","","","","","","","",""
"","","","","","","","","","200.0","140.0","99.44","","","","","","","","","",""
"","","","","","","","","","200.0","160.0","103.01","","","","","","","","","",""
"","","","","","","","","","200.0","180.0","106.6","","","","","","","","","",""
"","","","","","","","","","200.0","200.0","109.96","","","","","","","","","",""
"","","","","","","","","","200.0","220.0","113.51","","","","","","","","","",""
"","","","","","","","","","200.0","240.0","118.42","","","","","","","","","",""
"","","","","","","","","","200.0","260.0","121.91","","","","","","","","","",""
"","","","","","","","","","200.0","280.0","125.27","","","","","","","","","",""
"","","","","","","","","","200.0","300.0","128.71","","","","","","","","","",""
"","","","","","","","","","220.0","40.0","0.0","","","","","","","","","",""
"","","","","","","","","","220.0","100.0","104.36","","","","","","","","","",""
"","","","","","","","","","220.0","120.0","106.29","","","","","","","","","",""
"","","","","","","","","","220.0","140.0","108.43","","","","","","","","","",""
"","","","","","","","","","220.0","160.0","110.58","","","","","","","","","",""
"","","","","","","","","","220.0","180.0","112.74","","","","","","","","","",""
"","","","","","","","","","220.0","200.0","0.0","","","","","","","","","",""
"","","","","","","","","","220.0","220.0","0.0","","","","","","","","","",""
"","","","","","","","","","220.0","240.0","0.0","","","","","","","","","",""
"","","","","","","","","","220.0","260.0","0.0","","","","","","","","","",""
"","","","","","","","","","220.0","280.0","0.0","","","","","","","","","",""
"","","","","","","","","","220.0","300.0","0.0","","","","","","","","","",""
"","","","","","","","","","240.0","40.0","0.0","","","","","","","","","",""
"","","","","","","","","","240.0","100.0","109.79","","","","","","","","","",""
"","","","","","","","","","240.0","120.0","111.91","","","","","","","","","",""
"","","","","","","","","","240.0","140.0","114.22","","","","","","","","","",""
"","","","","","","","","","240.0","160.0","116.54","","","","","","","","","",""
"","","","","","","","","","240.0","180.0","118.88","","","","","","","","","",""
"","","","","","","","","","240.0","200.0","0.0","","","","","","","","","",""
"","","","","","","","","","240.0","220.0","0.0","","","","","","","","","",""
"","","","","","","","","","240.0","240.0","0.0","","","","","","","","","",""
"","","","","","","","","","240.0","260.0","0.0","","","","","","","","","",""
"","","","","","","","","","240.0","280.0","0.0","","","","","","","","","",""
"","","","","","","","","","240.0","300.0","0.0","","","","","","","","","",""
"","","","","","","","","","","","","","","","","","","","product.product_attribute_1","True","product.product_attribute_value_1,product.product_attribute_value_2"
"","Galería Eco con solapa 8 cms (1D table)","/9j/4QAYRXhpZgAASUkqAAgAAAAAAAAAAAAAAP/sABFEdWNreQABAAQAAAAeAAD/4QMraHR0cDov
L25zLmFkb2JlLmNvbS94YXAvMS4wLwA8P3hwYWNrZXQgYmVnaW49Iu+7vyIgaWQ9Ilc1TTBNcENl
aGlIenJlU3pOVGN6a2M5ZCI/PiA8eDp4bXBtZXRhIHhtbG5zOng9ImFkb2JlOm5zOm1ldGEvIiB4
OnhtcHRrPSJBZG9iZSBYTVAgQ29yZSA1LjMtYzAxMSA2Ni4xNDU2NjEsIDIwMTIvMDIvMDYtMTQ6
NTY6MjcgICAgICAgICI+IDxyZGY6UkRGIHhtbG5zOnJkZj0iaHR0cDovL3d3dy53My5vcmcvMTk5
OS8wMi8yMi1yZGYtc3ludGF4LW5zIyI+IDxyZGY6RGVzY3JpcHRpb24gcmRmOmFib3V0PSIiIHht
bG5zOnhtcD0iaHR0cDovL25zLmFkb2JlLmNvbS94YXAvMS4wLyIgeG1sbnM6eG1wTU09Imh0dHA6
Ly9ucy5hZG9iZS5jb20veGFwLzEuMC9tbS8iIHhtbG5zOnN0UmVmPSJodHRwOi8vbnMuYWRvYmUu
Y29tL3hhcC8xLjAvc1R5cGUvUmVzb3VyY2VSZWYjIiB4bXA6Q3JlYXRvclRvb2w9IkFkb2JlIFBo
b3Rvc2hvcCBDUzYgKFdpbmRvd3MpIiB4bXBNTTpJbnN0YW5jZUlEPSJ4bXAuaWlkOkRDMTU4REM3
Mjc1NTExRTc5RjUzRkVBMTA0Q0JEMjQyIiB4bXBNTTpEb2N1bWVudElEPSJ4bXAuZGlkOkRDMTU4
REM4Mjc1NTExRTc5RjUzRkVBMTA0Q0JEMjQyIj4gPHhtcE1NOkRlcml2ZWRGcm9tIHN0UmVmOmlu
c3RhbmNlSUQ9InhtcC5paWQ6REMxNThEQzUyNzU1MTFFNzlGNTNGRUExMDRDQkQyNDIiIHN0UmVm
OmRvY3VtZW50SUQ9InhtcC5kaWQ6REMxNThEQzYyNzU1MTFFNzlGNTNGRUExMDRDQkQyNDIiLz4g
PC9yZGY6RGVzY3JpcHRpb24+IDwvcmRmOlJERj4gPC94OnhtcG1ldGE+IDw/eHBhY2tldCBlbmQ9
InIiPz7/7gAOQWRvYmUAZMAAAAAB/9sAhAAQCwsLDAsQDAwQFw8NDxcbFBAQFBsfFxcXFxcfHhca
GhoaFx4eIyUnJSMeLy8zMy8vQEBAQEBAQEBAQEBAQEBAAREPDxETERUSEhUUERQRFBoUFhYUGiYa
GhwaGiYwIx4eHh4jMCsuJycnLis1NTAwNTVAQD9AQEBAQEBAQEBAQED/wAARCABSAIYDASIAAhEB
AxEB/8QAgQABAAEFAQAAAAAAAAAAAAAAAAUBAgMGBwQBAQEAAAAAAAAAAAAAAAAAAAABEAACAgEC
AwILBgcAAAAAAAAAAQIDBBESIQUGMVFBYXGBkaGxwXKSEyIyQiMzB1KCsmOTsyQRAQEBAAICAgMB
AAAAAAAAAAABETFRIUFhcYGhwQL/2gAMAwEAAhEDEQA/AOgAAAAAAAAAFNdO0CoI27qHkdOqtzqY
tdq3pv0Ij8nrrp+lJ122ZL8KqrfD/JsLlTY2IGl2/uRjr9LAsn8dkYeyMiNu/cHnM5S+lVRVH8Kc
ZTaXzIYb8V0YHJ8nqvqHKioWZsoxT1X0lGp/NBJnkjznm0J71m37vHbN+1jweev27GCK6YzMjO5F
iZOTLddOMlKXftnKCfoRKkWAAAAAAa9zTrPl/LcmWNZRkTsj2tQ2Rfkc2tTYTx80wMfPw7ab642f
Yl9Pctdsmmk0WZ7S76alk/uNNwccTB2z/DOyzVfLGPvIy3rvqCz7kqqvhrT/AKtTXRxBiTyupufZ
f62dYl3V6Vf61EjrLrbXutslY++cnJ+st2srsYM+FoL9hXYRWMaGXYV2AYtCu0zbCsa3KSiu1vRe
cDqHS1X0unsGH9rd87c/eSxjx6IY9FdFa0hVFQivFFaIyC8pOIAAKAAAWy+6/IXFtj21yfcm/UBx
fZxKqBm2FdhTWJQKqBl2ldAaxKBXYZdo0Ax7CuwvAFu0lumMCOZzmiE21GnW6WnfDjH1kWbt0Nhx
hiXZkor6tk9kZeFQST08+onfSXrvw2kAEUAAAAADxc4slVynMsi3GUabGmuDT2vsPaRfUtir5FmS
fhr2/O1H3lnMT/XF+nNNAAAHAI9GPgZuXJRxsey3c9E4xe3zy7EMLZnMeceQ2TD6H5jbP/sshj16
fh/Mlr6kTuF0dyfGWt0HlT/itfBfyx0Q/Jt9T+NAqpuultorlbLuhFy9hM4nSHOcmMLJ1xx65aP7
cvtpfAvYzoNVNVMFXTCNdceChBKKXmReNhl7z6axj9C4FbjLIvsv00bjooRfi0Wr9ZsVGPRjVqrH
rjVWuyMVojKBtMnIACKAAAAABqHXXMElRy+LalL82fc48Ul6UbeYLcPEvshddTCdtf3JyinKPh4P
tLM9pd9dubYXI+a509tOPNLTXfYnXH0yJ3C6EtlHdnZCrlrwhUt3D4paew3MDTL7qIwOl+UYS1VK
vsT3Ky3SUl5OCJcAlukknAAAoAAAAAAAAAAAAAAAAAAAAAAAAAAAAAAAAAAP/9k=
","True","True","1D Table","","product.product_uom_cm","","40.0","0.0","0.0","","","","","","","Use the category value","product.product_attribute_2","True","product.product_attribute_value_3,product.product_attribute_value_4"
"","","","","","","","","","100.0","0.0","18.85","","","","","","","","","",""
"","","","","","","","","","150.0","0.0","25.1","","","","","","","","","",""
"","","","","","","","","","175.0","0.0","28.23","","","","","","","","","",""
"","","","","","","","","","200.0","0.0","31.35","","","","","","","","","",""
"","","","","","","","","","225.0","0.0","34.48","","","","","","","","","",""
"","","","","","","","","","250.0","0.0","37.6","","","","","","","","","",""
"","","","","","","","","","275.0","0.0","40.73","","","","","","","","","",""
"","","","","","","","","","300.0","0.0","43.85","","","","","","","","","",""
"","","","","","","","","","400.0","0.0","56.35","","","","","","","","","",""
"","","","","","","","","","500.0","0.0","68.85","","","","","","","","","",""
"","Impresión Fotografico (Area)","/9j/4AAQSkZJRgABAQAAAQABAAD//gA7Q1JFQVRPUjogZ2QtanBlZyB2MS4wICh1c2luZyBJSkcg
SlBFRyB2NjIpLCBxdWFsaXR5ID0gOTAK/9sAQwADAgIDAgIDAwMDBAMDBAUIBQUEBAUKBwcGCAwK
DAwLCgsLDQ4SEA0OEQ4LCxAWEBETFBUVFQwPFxgWFBgSFBUU/9sAQwEDBAQFBAUJBQUJFA0LDRQU
FBQUFBQUFBQUFBQUFBQUFBQUFBQUFBQUFBQUFBQUFBQUFBQUFBQUFBQUFBQUFBQU/8AAEQgBCQEJ
AwEiAAIRAQMRAf/EAB8AAAEFAQEBAQEBAAAAAAAAAAABAgMEBQYHCAkKC//EALUQAAIBAwMCBAMF
BQQEAAABfQECAwAEEQUSITFBBhNRYQcicRQygZGhCCNCscEVUtHwJDNicoIJChYXGBkaJSYnKCkq
NDU2Nzg5OkNERUZHSElKU1RVVldYWVpjZGVmZ2hpanN0dXZ3eHl6g4SFhoeIiYqSk5SVlpeYmZqi
o6Slpqeoqaqys7S1tre4ubrCw8TFxsfIycrS09TV1tfY2drh4uPk5ebn6Onq8fLz9PX29/j5+v/E
AB8BAAMBAQEBAQEBAQEAAAAAAAABAgMEBQYHCAkKC//EALURAAIBAgQEAwQHBQQEAAECdwABAgMR
BAUhMQYSQVEHYXETIjKBCBRCkaGxwQkjM1LwFWJy0QoWJDThJfEXGBkaJicoKSo1Njc4OTpDREVG
R0hJSlNUVVZXWFlaY2RlZmdoaWpzdHV2d3h5eoKDhIWGh4iJipKTlJWWl5iZmqKjpKWmp6ipqrKz
tLW2t7i5usLDxMXGx8jJytLT1NXW19jZ2uLj5OXm5+jp6vLz9PX29/j5+v/aAAwDAQACEQMRAD8A
+sPFHj/xf4al1rQYLu4ur+91meeK6WTebWzMpxGD/DgflXsPgfWpYfCtvLcTSSRIu5riaYynHYlj
ya+OvHnxWstN+JXjCzi0uOOWHVrqKR/tLHzHEpBbbjjNR6H8WJLWRmghaH1Ed6Rx3yDxXxdSjjKd
V1NevXu/U+l5sNUpqmtNvy9D6N8aeP8AUvEGrfZ9FuLv7BB/rJNPZkfj+LPAxXJ+MPitewaZJpNp
Jrdrq+2NhczXpUbs8jg557Vk6V8YPFOowxi1k8PSWrIcJdX8TBfTcBjmuI8e+L/GX9tSDUI9EWNM
NFNp9ojxsg6Hdk5/GvNpOrVq2lPXtc7ZQp0YW5NF1X67HofgHx14m8fapNp0t1qEVmsZVryG7kV4
tvdcH5t3vXoGpRah4f0GaS21PWDPJcwIZbq7kdm4fO3J4z3r5Yj+L3jbw6y/2NqltYqVKjy7CJup
yeor0D4E+OfFvxFs/GCeKdck1Rbaexa3SSKONIt/mhtoUDqK+ly7CVvrcakpe72u30PEzDEQdGUY
r52t+R6lonjLUNUt457fXLu4gZiodZ26qcEfgRXUWetai6/NqVz/AN/DXl/w7txYeE7FN3yrJMp9
MiVxx7V2EN1sb/WL/u19msO5K6PlfbKLsdgut3ka5+3Tt/20NNt9evbi4+W+n2f9dDXOw3Ql+627
/ZVTWlDbv/drSFCPK+5nKq0zebU73bxeT/8Afw1NcaleJqVwi3E+wOcLuPy1k29u/wAqt930rWuG
tv7Sut0i7lc5+tc04xp9TRTc1dFyO6nZdy30+7+6zGrkdxP95riTb/vGqdq1t/DIv/AauSfZFj+e
6ihVepaQJWfN5/gXZ/1csLdN/FcN/wB9U7+0I/4rj/vlqr/YtOcea91Cw67mkHT8DQmo6HbcNqFl
Gw/h85T/AFpcyK5ZdyDxVHPe6Qq2d3JbyLOjF45Chxg8ZFYVnHqKr899cyY/6bsa3tb1azl0lmhm
jkVHRSeQOc45ri9Q8cadokca3E253+6sMZk6euOlQp62SuNx2uzoIZL9WbddT7ey+Yac1zdp/wAv
k3/fw1xq/EKK6m2JHJbqf47pljT9TXN6t8XrSwuGiWbzMNt/d8jI961UrvRGclpvqelTaheIu77d
P/38NV/7SvHbaNSuWb/ZkNeN3Xx0gW42tGyxN95ty/yqjN8fNItY5PNmaFuf4f61pKUui/AiKjs3
+LPq64uZFj2fMvTDr1qutwlgvmtcSyY6hmyKha+SX5Wk2qUQj8VBrPmYsuz7ymvNUWeg5JEl9qFx
LIzQTT+WeVZWO2udvPEmoIrKtxOzL12saz9U8bPYX01nax/akhX5m3fxDsK5mH4kW39oRxXFvc6e
7tt3zYMeT6kVpFJmMpvRly+8Qa35ny6leqv+zOwrjPi54x8R2Hw6uprXWdSs7tdStESeG4ZH2MJN
wznocV3f2eS4umX7rbd25q4f40aa8Xw11JHWOZXvrTaW9f3ld9GUFWgpLqcsuZwlZngtx8TvGkTK
q+NtdaXbyn9pS/0NUZPHXxEv5FSDxp4kXDc7dSlH9ay20Ob5n3LtHX1z7VoafNPattbdJEO/Tmvt
40qajeCTfojwHUk3aTaXzGr8TviDbtsl8Za/tX5djalLnP51I3xI8c3luqW/jLxJ5u45f+0pfy61
oSQ296qzr+8dV2kN/WpLXQ7e9uPPZmV+46D8qb9mlzOmk/QE5N2U9PUx7z4gePP7LuIpfHHiJrzy
y37vVJQY+PY19ff2tqn/AEEtS/7/ADV8vw6fJa3km6185HXdIepbHSvsDzI/+eK14OYVIpxSiur6
eXY9XCRbTvL8z80fi0t3L8ePiNLDdeTs8RXyg/eGfOPGK5+a61iKSEy6ksluzHDR8D6GvTvjhoIv
fip48aCT7PK+s3nzrwcmU5NeO+IrfW9Jt5J7WbzIk+8ixjPt+FfNvU9pe6jprebUXkjVVtpt2Pn8
v7wrrtP/ALSWHasirv6qygJ+QrwG38Xa5f6hDPPqn9npCpUfZ2Cjnrkdz9ata94w8SWTXTJr32i3
uox97l1QdNoHTPrWMqHM9bGkaySuj6MWZLf5HkVnHzFF/wAK9A+HPxK0L4aeD/FWr6vcfY7Vr7T4
d/8AExInYforV8I6f4ovGuo55dUuY7yLHl7skqF5Az3FepfDXWI734R+PLi9hbUln1vSVljusTbc
rd4JHPFRVtg6csRFXcdbEOo669m9Ln1F4b/aCstL8PxxP4d1uZRJJL50MEZj2NI7LyW9KjvP2utE
s9Fk1v8AsPVJNGRSxvWVRDgEA4Y9cEqK+abddO1Ly5ZbHS757bCBpPnWIHjBAx+o4p2peD9A1az+
y3+i2LW6yB1Hlygbh3XDD1r56PE0o+7Klp/XmXLBUnrGf5f5H0ho/wC39o9vas+kaH9qSWM+XJdX
aoPfKjntUa/8FCo0VpZfC9oqjLMY784UeoBFfLd18DfB1/NHdJdNb3AbfHJHIw2noRhice4qrqHw
F0raqRaxP5CMWWBsHr/tdfzrSHEVBauOvz/zMp4Ko9pXR9XL/wAFGtC06RUvdL1CR2kC4+0xkNuO
ABtU07x9+1B4p8PfE7xNp1vJB9ntNSmSITQKdqBuOfaviXUvgbBb7Y4Lq5h3yoxSOQgcMMZ3A1of
HDxtLF8bPiNBPdMv2fxJdJtZihVVbC42joQO9eph80oYu7gr29evr6HPLD1IdT7Aj/bC8Vpcf6Q1
oy/3VwifhtqPUv2sH1K433n+jy7RlWbeOB1r4dk8UXF1Cy2vmNBMu7KrkYbGc4H3uO1U5PGGoWsK
xNefcjKhPLI2oTk5Yjk16NPFU1rymcqMnomfeFj+0wluqutxZTRM27ZIxG72wMVe/wCGztX0a3a2
0nT7SZfvbpowAv0x8x/Gvz71Lxhbf2fCiXn7/wA+PzbeS5PRTnco6BT0xnitbRfG1u+rXk979hji
mVGVI71SIwM889eOooni4Wu6d0QqFSO0j7wb9pvxT488AeKrnxBdQLDYXmmpax26rCIzIZw3Ocnh
e5rjf+FkX96rMkku7+Jo2LnHuRXzrZ+MtI1b4F/ESXTo/tCjWdChbzI/L+8bshh1rg9H1C9sGZot
SnsUKhi8bN8v/fOM1H1ulCN2uVmnsZy63Pr668Tamlursrb5fuo2S6/VRWbJq2s3Fu077o1P+rhZ
v3jH/d9K+cYfitdxRx7vEWrXSRSBZmbbH5cZHOxuTuz61X1jx5e6zYyKv9rea0brG8d2S0Z7ZKgC
sXj4r19C1h7/APDnuGpa1qibvlaNm+Y+cyjjpnOfWud1zxJf2VuyO3JiLmXkjp6jivG476C81Cz1
E2N2rxQeV5cl3vj3k58znn7wyK1r7xhd3CrOrahNPDlz5OW83jbgjGKyeaJO3L/X4mn1O6vc/bfz
ktbC3uJ5I4YPs8TGWRto/wBWvc1514o+J0jM0Gjfu4u94y/O3+6Ow964vxprBudcuknumZY1jASR
iRHiJOAK59dWg/hmVv8AerrcrbmLd2bn9pP8zM21m/irH1C+Fx5jM27+8zVR1DxRYRMv/LZx/d4F
YOseKrC4kZ1t/svT5txwp/Gsd2M6zR/iJqnh790lut5ap8ypJuyo9A3pW14q8YReJfhvqU9xZyWr
DULVCjNnr5nIrlbP4zaRpeg/Yre1tPMVg8jyXKsMjnoT932qHUPiInjn4f69aqttClje2M+63x8x
Yyg5x9KdOUvaJ2NGo8rVzBs9NsJV2r3/AL3vTo/As91MzJHutx/tAmsWO8jib5ZNtdl4X1iJVZZb
j5e3rX0UMdXpJ8ruea8PSqWutDHs/Cdx9sWC32rKW2hm4rpLX4a3qahsnuoP70ksfz7fwrqNP1aO
eNldYGbbx8udv0NOaS/it5GWZY4pvl+Vfnau14rFVVaFl0+ZyqhQp6yuyG48O6DYafM8XmrOsZWS
Vm/1nFe1+XFXz5fafI9vcbmZgyn71fQH2c1wVsJUpxTqTu3f9DtpYmE21COisfkj8f8Axtf+HP2g
PiNpreIPMSXxNqDxqrN+4/fviNmxWLJ4ouLWFW1bXIJLeT5gGYXPnjGWXdHtwMdq92+Mf7H+heMP
i5481G5+Jl7Ytf69eXclmvhwSLC7zFtofzxuxnrgZrn4/wBifw1BpN1ar8Tr1p7jC/aJPDhIjQHO
Nv2jqfWvIVamj0nGb0W3yPnVrzT73xFJFomjt9gWQSiLzMoq9cszdR/SrmoatqXhmOSKC10nUkuJ
zKsXkK8kHc/Nwdrds17lb/sM6Hb3kd1b/Fq+hlhYPF5fhrIVx0PNxXQXH7Kf2218q4+LlzcTt8ou
m8JhpNncf6/v61ftIWdnZkWnZJr9D5z/AOEi8I3um3FxdWdpZ3qr+6hkubh5GkHqgwuD9a7T4O+J
kvfhP8SHgjjsf+Jvou4Q/cyVu87R26V2U37BujRL/wAlSvVXuF8L/wCNxXe/DP8AZF0Xw54A8YWE
fxMuWjvNU0yeW7k8PeT5IjW5Hl48853+Z17bK48W5YihOlFatBBOMryeh4Ja6pqb/aJUt1j2fMt+
1oDuB+9k5+b24rUk8XTvcRpBcRXDL1KzgDDcfKrc8tX0Vof7Av2+OGWz+KjMyMcSSaAxLIRgDifF
Xl/4Jzx28P2eX4kQXVvJgN53hxsrj+6fO+U55r5SWW1W37v5HVzq258s6frAn8z/AFdm0spSRPLK
xzZ4XHfIA60248bJo11DFcTTrFNJsjaPdsUjgjIHFfRUn7AMGg29wr/FC7uPm/i0Jj3/AOu9Zesf
sj6PFax+R8RNUt3GPM3eHhIjEDBODP3q3k1eb/h3j6hGtTgrOVjw248aXdhNDtXzollQh45MnJbu
COKh+OWoaVYfHr4iOmn2zTvrt0rvIv3iW56mvUrr9mfQLCH9/wDELUpERkw6+GhvwDnBP2j1rU+L
X7MfhjVPi54w1S4+IWpW893q080lsvh4SCMs2Sobzxn8q6sPlNehGScLXt13t8y3iqM9Wz5X3Wz7
mtdPihbduHkzsnz49jxW5Y+ItfS3ZINqxP8AP5UmH2/7uf5V7J/wzr4Ptfll8fapcen/ABTQB/S5
qS3+CPg61Xb/AMJ1q8jf3m8NDr/4E10SwWJat7O/qH1nDrY8zs7zVr+ON5dJ0hkPylpIxlj9DmnX
WjxTxtu0XTWl7r9mUJ/LNeyWPwX8JvJGy+ONZ+6cbfDwA5/7eK3LX4A+Hr/ai+NtSZv4f+KeHX6e
fXFLBYqLvy2Xr/wRe2py1TPD77SYLP4D/EJtN09bO4k1fQVb7PH94CS7PRa8jbQfFGst+6s/LRm6
3nDL64r9IPBf7HNt4q8E+JtDsvGzWb39zp1wbibRSnl+SZ8Lt8453b/wp8f/AATA1TDO3xQj29x/
Yp/+PV0Rp4lQXuX82Zys9nofntpPwpni2te30dmy5Yrbrndn/ersJNN0rSbdUn824zhQm4/N/wAB
WvtT/h3Bc2Uas3xMjb5un9hN0/GaoV/4Jvancbm/4WnGu5v+gA2dvp/rqieDxtTWUXYlSjH7Wp8e
2v8AZkW37Pa/I3zfu4MbeM96jutSP2eRINPu5FZeW4Rf1r7Q/wCHZWpzrtf4nReaWBR/7COcAevn
VnXn/BMDV9kiSfFeFfNb+HQ2/wDj1Y/UcS38JbUN9zw745ftUax4Z+MHjjSItJtLhLDUDaxNJIw+
6qDJx1ryHWP2qPGl+0n2a4tNLV/lX7PBl40znAZifzxXv3xo/Y50fxN8ZPG2qS/Ei+sJ7zVZnktl
8OecIjwCA/njd064rj1/YT0Zv+apX27/ALFf/wC6K+/jleNcVJUZW+X+Z4rxuDTadRX+f+R4PqXx
u8b6j5iz+JtS2leRGwQYzn+ECuVvPFWq3+7z9QvZlPXzLmQ7vwJr6k/4YL0rb8vxYvl/7lf/AO6K
a37A+lf9FWvf/CX/APuil/ZmO/58P8B/XsJ/z9X9fI+SWvju/wDis179+zH4u/4Q/wCGvxY1J5FX
bc6CmyTJ8zdLd/Koz1712F1+wjo0Ucksvxcu4YIlLM7eF8BQOpJNxXO/D34Z/D/W/hP8TtL034ka
3cQDUtEea+bwuo27JLsJsQXOWDktycY2/wAVYTwuLozjGUGm9vNm0MRh60Zcs00t/wCrHbaf+0QZ
7yZPs9jfRJIEjTaY3kBH3gOvBruPC/xm0vUZlW9j0+NWbYD/AGpHGV99rgGvBYf2e/BSw7V+Jmt7
/u728Jr37/8AH11Haqv/AAy74MuJN7fFLXWbdu+bwqP/AJKrs9lmS/5ct+qRztYV/wDLxI+7PCfj
TR00+Hyrhr5JfmXyZ4pCufTB/lVzWPixomlwrPBb3N5vuY7QTMvlwLI3ZpOeeMYA618Q6P8As96H
oke3TvjF4itcfdK+Fx8vsP8ASq9J1221bxHoY0e/+OOu3OmpPFcW0Engq3T7P5f8MZS4G1W/iHfv
WOJjnLgo4elyvq309P8Ag/cXQjl6k3WndeV/xPpm4+JmlS6Db366fqFrFeQGWH7ZB5fP/PNvRvY1
9Bf25/0xWvgvwP4gj8F2txp2o/ErVvEXg/yLpP7EuvCcW+Qyg4aSc3BZimeDX2J/Zuj/APPT/wAk
j/8AHa5YvNbcuNp2a2a69/u0+86VDApt4aXqn0PD/H0Z/wCFkeLPl66tcf8Aow1Tt9PklX+7W546
mji+IXipm/6Clxn/AL+Gs+PWLNPnZm3f7pxXlRjdne3YdZ6SfvMu79KtW9jH5yp5nl/7TZNZtx4w
nRdlrbs38X3STWe2ta/fqzRWM7L/ANM4zXZCFjnlO50Woaalrb70m8x2bn6entVrSvKi8D+Illj8
xri9tEx/dO2XBrhWt/EFxu2abc/N/Ey4/nXWfDmzvL/w34kivI2jZL2xYbvpPWtKC503IyqztB2R
13gFbiyhjiimkh+b+FuK9s8J2t7fyRrK3mKvzV5/4T8MvLt2NF8v95sV7N4R06TTvvr0/u810VuT
Vrc56HM7J7GXrnw7T7PNKzeYz/M9eN+KPCscTSLt6dq+optlxEybuG4rznxd4Ys9rfvJGl7/ACjb
9PWsaddRdpM3q0b6xR8p6l4LuNe1JbW3j3Suw/h461h/FC1gl+IXiZV++uoTA/UHFe0ak1pBqEy6
beRTXETbZIo2+aPB56V5X8SNBv4vH3iS4+z/ALqTUJ3Vuu4Fq1nV5rW2OeEEk+5wtv4fNxMq7fvV
0lr8N3vV3eTtqTSbO7e4XELMv+7X078DvDEGq6bcS3truiTCxll4z359q8uvXmtInfRpRlufPWk/
B3UJZFVI2ZT0+WvWvD/wXj0jT/PuP3LKvLbea931jUfD/geyN1dtbWZC4QNgO30rmtP8VT+NIFlh
iWW3ZT+7jzhh0OSa4JVKn/L16HWoR2ijh/AfiLTbrw1q1/pDSt5N8llKJlCSKyE5O3JIHPGa7Sx+
IQgtWS681mLfXcPrXnnhTR9O+2fEWw06GG1uYfEUP3dqIsTQqyRrtA4DbutWdY1q50aP7BeQrshY
r8vTPsa97CyTppRV0Yzh7zUmez6V4h0nWYVK3lszbeY/MGV/Op7rxRoGjqvnalaQ+mZAT+ma+a7e
N9Umb7OzRszcMtdDpPwX1/Ur4NcIIYGG8zTP/TrWs40U7Sk15EqnL4kvmz3vSfE2ma7Iy2N5HdFF
yfLz3qxew5CyiMSEHJB9K53wX8PLXwgpZJmmm/vdBzXSPqtmskiPdRIyfeDMBj865G4p3hsW4cys
z4u+J+paNo3xL1iLVNStNPn1DVJ0tRdSbPOfPIBPHGa4bQ/i94C1bVNY0/8At6DT7rSpCk/9oL5C
Sbc5MbHIcDHavGP2jtOuvGfx88cv4j1K/urKw1W4tbKzt2jjSKMudgCkd+8n/oVctrmi6JfrHavo
c9u2ntHaSpaxmHz3BA85Wf8AjP8AFuwM+1epW4prYZRioaJJebSVu9j5WWTJycpPdv8AP/gn2pa6
bbXlvb3FvNBcW9woaGaOQOkoIyNrDg8U2TTbeK3kneRY4EXfI7cBV65Oa+F/E1xBomgXz2sck1tD
E9w+n2Nyzo0oYkovOM7+ePwrL1zxV4p8UeA7HRL/AFq5+xxRmJobO7lFssZ+Zd27BMq52kcVMOL5
TTk6bSTtut/Tt3JllMYNpvZ2bPaviB+1p8NrVbjw8bjUPtF7FNbNeWsa7LZjlVzv9T7fWvJf2e7O
NfAfxWsEkW4kt59CEr7Yy7ETXYBLpw/HSvm/TPhu2s+LovDytI2tXEUsy2l1IIX3KjMihm+V3fHy
qOvTrX2P8B/D0sXgz4hzXNitne3EXh7z/LiRElKtcfvMIAu4/wARHfrzV0MznicZh1Xkm29Ldt/0
3O6phKeGw85Uk7NEUOl1eh03/ZrqodBP8K1ch0M/3a/QHUR82rnLw6Wf7tTLpv8As7v92uwj0Msv
zL/hVhdBx/DxWLqIqzOFvtNLWNwp/wCeZ+VfpX3N9mH90V8p3Gg/6HNtj/5Zn+VfYX2X/Zrxcymn
yfP9D1cDF+98v1PkH4mfFIWvxW8bWayLD5Gt3cRdVH8MpHU1z918bNLsF2HxJcyT9xa2wdF9t3Ff
Nf7QmvPF+0R8Uol+8PFWo/L9JnArg/7ev3bal15e1fvSNncfeviuaHY+k9nLqz62/wCGmL21uGjt
7q+kg+7v3KDj/vnitjT/ANpgOsjXGteILVmXaPJ8tx+I4/SvjW+8TPFt2/NK3VtxIqr/AMJJJ5iu
/lMy9GXPy5/Gk5U5fZBQmup9sN+0sEmVn8SavJ6mSP5PyzXW2X7UvhzQvh74i1zUNfxaw6pp9sfM
tPObzHS4IG1ORu2da/P6bUll+f7PErdzIxJroL++H/DN/jr7PCqk+JdESTodw8q9rH3E04rX1L5X
JOLeh96eFf8Agol8JrKNftuoX0jjq1npc3X/AIEMV3sv/BSj4M28DRQXnibzGUf6TForlUHfGSK/
GyHULyK3WD90qbdu1uuKvWt9c7trTfzxUc/Mxxo8uzP2Y1f/AIKMfCtrFZNLvJ7o7VPmXUBA/FVy
2a8V+I3/AAUc8KX8M1vatdwq67T/AGfZEO3tvcjH4V+a+6TazKqr/tLVeaSSWNWaTcv3cMuahz5W
XKi3ufVms/tveG7W4jls/CerSvEyMtwupLC7HcOSBn8q+7PEHhvRNe8YaxLdeJLSF5rsu1s12qNC
WG7aQemM1+LLRjzI/u/LKn/LP/aFd1+0lpGoXX7RnxJeC4/df8JBdf8ALYrz5n17U+bmXuy5WSqS
Wlrn65Q+G73w1JG39m2l5pqfLJPJq0KJID0wxYYrXtfibpngyOS50vRZ7iKbIuLO38S27wKMcsQH
3BsDivxA/sd1Xdestwoxv/0uQmT2PNRSadps6t5VpbWu77qcyFcdeW65rJQu+Zu79H/8kWlZWWx+
v3i39qf4UNd2d3fXs1lJCG3afdTRXgXjAK5Ynr2NeOeMv23tIsFmg8PaxqFnZj5VhhgMYx75Pevz
hXTbe6bdBCsalfuKv9BVprGWKHY8jMu3+JQdv510w9nF3av6vQycJvRS/DU/SD9k/wCKGpfF+8+L
X9m6h9hukk0W7NzeS5DAmeMjjODwtfR0Ph/xXL9nt7+NbjzMMJtwdMHjJbOBX5R/CO9k0v4GfFx7
C6ubOX+0fDyGSGQxlh5t4cZXFY9xfSOrbbzUJldi0g+1y4yTnJGea9GGJko8sUren/BJVGLd5N39
bH7O6L4pufh6kj3Xhi8ukgy80qxjCqON249AD3rP1z9sCDy/9C017VX+VJpuQxPTGcCvxukvJ/mz
cXrb/lbdcyHcPfLHP40R3Ubxq0q+cirwlwxPT05pRq00+aVNN/P/ADKlCctFNn6v61+3vpnh6waH
UprSG83cPC4eTHugzXkHxE/b80vW1ae3WSZoVPzxxgD/AIFivz9+3W9rDIqWtpuf+Ly+Vx6c1Vvt
QC6bN+7VWMZyy8dvQVp9Ypp3VNfiJU5Ws5v8D9LPihpdlrPjzxIt/Zx3UU93v/eL82GVGxn0rn7z
wy9/p+tWtteT2rarhruXb5wYjHOx/lzgYrsvG373xhqyr95ZI1H+1+6SsmOY/wALbXH8X+NeU5Mm
1nc4Hxt8P/7Z8CyaJp2n6NcX/CRXN5AIXhVRj5SoK7vUt/OuL1L4S6NpGi3FxrOoaho+opHJLNqU
l7D9mu5sDywFfK8YbI9P7xr3Td/C7bv4d7L29zWfqWj2+pWslvPbwXlrKu2SCaMSRsPdWyKwcKcl
aS0+RbTlvqfK/iD4Z6Na65cW51TUtWurmyFxYvNpqwXS20Eru0ouFLxpu27kPB2fIOdteqfA3QdY
+F/w9+IWo/EjXtPjt7ifSYlvZL0yP57SzyFWHXLKykYHNbmn/Cfwx4Xmvjo2mtoq3inz7exnZLaQ
kYJMTEr04qn4y8J/2p8FfE2nazfXuuaXBqujPaCxWG1voSpuAPMkc7HULx0Brei44aaqw+z/AF8i
Jx9rD2T0Q2P49eAE8VNon26SSJFO7WFj/wBC3hdwjVurE9OlcvrH7XXhS31S807SdNu5okbyodYm
UeWxzhm8n7+B2zXEx/DfwfFG0TaD4iaAr8yzalak565yGFFv4B8BrHJt8P67uVnQSrqUAK+o4fn0
rsed131X3x/zOVZdRi7v9f8AI9O8O/tSaHrmn3DpoNz59t8p3TqFYAf6wgAnHfisFv20NPTWvs8X
hVbqwRdskq3eHY92XIxt+tcyvgPwQsKtb6HrdriMqdt7AdwY87gWOR7Vg3Xwj8D2TXU72+vwoWDe
X59oRGeuE2knn0zXP/a1d71LfOP+Zu8HQa0h+Z23iL9tRoPD+qS6d4XtFnEcj281xcl0jUD5Q6AD
c/rggV94f8LS1P8A597b/v3/APXr8xdY+GvhK/037U2k67HbrEeIVhjMgI4zhia/Tj+x9L/6Bs//
AH0P8af1ypW+Kpe3mv0ZpDDQpfDGx+V/7SFwU/aO+KytDIy/8JTqX/LM/wDPd+nFcDHJ5vyLHLH6
P5bf4V9LfHD4sfEyy+OnxKtdO8ea/a2Nt4kv4oLSO9YJDGszhVUegFcnD8Yviui7pfH3iZY/7321
sV0vDOydzP6yr2seKzafdfZ921vvH5trdvwqFdtvtVll9/3Z/wAK+grf43fElPl/4T7xE3/b61ak
fxo+I/yt/wAJ1rv/AIFmodFrqaKsn0PmOa4fb8qyt/2zP+FdbBKx/Zv8eblkX/ipdC+8p/55XvtX
vcfxf+I9x93xxrq/9vZr6W/Y98YeKNc0vx9/b3iDUNY8mTT/ACF1CXzBDuM+7bnpnFT7O7SuaOdo
8x+S8d4nzMzMzd2ZTn+VaFnqUEELPtbaM5+UnpX7pN4iS32+bNEx6bVjX/CrUOtC4Xcm1f8AegX/
AAqvqUl9oyWKj2PwxutUgW3XzVnbClhtU7cnqSKyZtSEs2/bJJFKv39p+b/ZyBxX7wXGqO/3ZIl/
7Zr/AIVTk8RfZ/8AlsrMf4dq/wCFH1JveRbx0f5fyPwnjuI38l18yNRIny7ST94c8+lejftGSXx/
aA+JuYpPs6+Irt3ZYyAoEmAcgd6/YC68VS+ZtWZWVmH3VXPX6V4v8fv2lNf03xl4ms9G8Qf8SjSt
QKTNDbKJo3Q7HVSVAO37ozxv61zYimsJHmlrc2oVPrLajpY/JuPUHZv9XJt+7/qz/hVeSR4tzN5m
5un7s1+kWi/GzX/FupWP2jxlrOl6ROsm7UYWihfCMFXG0FVYfdf1LKa7f4XfEvxtovia1tdY8US6
hm7jstRtZnW6jjhlkAViWA2ybOhXoetecsXBtK253rCSkuaLTR+Xmj3AZdvzebtwG2n/AAokuJEu
GWdWaNOu5W+b6cV+3HxWuNQ8QW9rZ+GfEy6GnmhFsZPKtZJNvBb7TjJx/c71Dos174XtZNO1Lxlp
esXUURYM17Gf3uOFBxuJr1HTgoc7qK/bqecpTdTk5HbuflL8P5F/4UT8UmiWRk/tTw7hdpz/AKy8
9q5XfJu2eTL93/nm3+Ffoh8eNf8Aij8QvCupeFvhda+JrPxhbS6XNL/Z2pB5pA5ufN5GxUjTEYJb
HNfJE/xZ+IvgLV9S8O/EP4r+JtM17TRNby6Xb6o3m20yjA8yZSysd3YHHqawdenTimndPrZ/omOp
en8Ss+x5JG06fdhn9wsbf4U6ZpW+byZ/l6/u2+X9K6O6/aK+Lc9rYrcfErxVZtu8sXP9pOINjHli
V/u16Gn7TmreNr7TtCuPib4o8GWllG8VprtxezGK8yOZbkx5fLMMJxgCtaU41YuUX8tNX+Rg61vs
s8djyir+5Zv96Nvm/Sq+qRvLYzbYZVZYz/yzb/CvRdA+P3xJ0m4vbb/hZviTWPtUTwlZtUkOxN3E
qE8xnA61zXiL9pr4oaf4luooPin4gura0XzZnh1Z3ikYdEQjqM7Qf+BVksRCXwa/1p95SqXlZI/S
LxVG1x408TbbiKFYWjlVZM/vMxIBjHvWKsjysrLC33em05rkvjB8cPiL4V8SeJrWz8Vfank1AXti
zTvBHpshALQsUyGjwnQnHzYxmvOPhr+1J8YfEz3mjXniKfUNO1OXdcTTTeTd6eHIGYWzkBOuPSvm
3nUffap3UW1v2+RduZ2Z7p5zpuXy5G9RtNV9tzZMzbZZP3hYGSMjywe3HYVY8dab488BrofiH/ha
Ws61pbagmmHS42MKRhgQryMGyxx0z9a8q8K3nxDtfGV1b6l8UPF+l6TFtuFm1C9mkgihLFgWwSzB
fl2+o4NcsOJsE03JNJJP73b/AC+8qVOUW49T0OS4L7op9zMPmD7TuYHnnjFWJLO2l+HPipbyxXUI
GvtMYRXCnGcz81wHiz4kfETwr8Obpbf4n6p4i1vzZZdM1TT232Pku29i7g5Eo27RG2dnSofhl8Yf
HOvfBjxjqd98QfEN/ry6lpp8tpyq20T/AGjJRh/fI5X0WvcyXHUs7xsMJRVuaXLd97X2XTT7zhx2
IjgMPPEz+yr6bnQw2OjOu3/hHbT/AIFGxq5bw6dEu2LRbKPb/dtjXCL8VviD/wBDrr//AIHSf41I
vxU+IP8A0Oev/wDgwk/xr9fXAdX/AJ+w/wDAWfAf6+4Zf8u5fej0NZoomVl0+2Vu3+if/Woa+T73
9n2m7+/9iGf5VwC/FD4g/wDQ6a7/AODCT/GpF+KHxB/6HTXf/BhJ/jVrgOuv+X0fuZn/AMRAwn/P
uX3o6nVNSdbO4Zbf5vLP3bYDt9K+wvMb/nn/AOQx/hXwlcfFD4g/Z5P+Kz137p/5fpP8a+3f7c1j
/oKXf/fw15WP4Yq5fyc1SL5r7J9Lf5nr5dxXh8x53CDXLbdrrf8AyPzP+OV9FB+0B8TNy+Yy+Jr/
AOX/ALbvXMw6wbhvm+63yha6D4yeCbvV/wBor4oPFcfu38UagxXbyuZ3o0n4W3cq/wCuVnX+9XzU
sTFJK59fHBzk72Mm3tY7hvlXmuisdFjRfn+9W5pfwp1d2VmZW9PmrprX4V6y8fyxru/2mrz6uKh3
O+ng5/ynFw6WkUm7bX0N+zXJ/Zfhnx0/+r33Omr/AOj64XT/AIa6vtVZ7f5l+le4fCvwTL4Z8G+I
JZ/s267vbH5JoDMFCiXoBjnnrXPQxcJ4iEL7v9Ga4jCThhpztsv1RuW95dyrvjjj/wCBNzTbjVNT
l+WBVZh/CrDNajafaT6hbtFcf2fbop82G1tGczSdvmb+GprzR7uVlfS/EC6S7/LMGtM/984719Mp
K58tyvuYLQ+JJf8AmGz7W/ikkH8qrzaTrybmeSCHb26mti1+HarqX2zVPGl3eYbcI44DHz6lgSa1
Ft/D2gwxrFHc6hcSybprhsjjuTu4FV7RL4dfkJQfU42PRdVl+VLpd+4MPzrw/wDaU+InhqLxp420
G11iPSb+We6sVjt7BT5cx+/9odujOzMUPpX0trlxp2qXkP8AZPia58P2aKkTJa2SvJJJuyZN7c9O
MCvkn9pLwDoUvxG8fXV/Hd/2CNXmluEjbEckzZZWdh+8cZ3ZQHjr0r5zO5KcaXNpq+nkfRZMpR9q
oNbLf/gGT4PuPDfj+PwrBb+HWs/C+lR3mnzWVmpB+0LFH5RDE/Md6bnbv1rrPG3iR7Dwn4kuPs9t
YxWdkJY4tPUC7Z1hx5jY+YsmVJJ/jrxuxtdTv7HT9R8Ia5qF9PrCQPFZrZNJ9kVPlZRLnazHHbtX
o2pafqifDvVJdbuGvNW0uSdAiweQGjlUIIj/ABYUuxBY18hUb69/19D6fCtu6fRN36bE3hHULyw8
L2dv4luFs9OhaCXUNeVVkmXTzCG2ruyPl+bGO7VteIJLyXS9JfQ7db7wtrKokfiS+jWPUYdPSORh
CqADyjL/ABSdR/3zXkeqePLDxB4N8babZL/ZNqukwtIsi8WQRRE+1er/ADLyF/vVveH/AI2aZb6X
4B8NXVutxpejxW8sd5Z7pJr0CInOxsbYmB2sDyNtac1Tl5uXVt3725fyKm6SlyqWltNevMYl1rHi
6w+EnxT1fwlqOs2OorrumWj39vPJJdXFuGvA6SbOWUb03ButeKD4f+G/Gk1jNongjX4PKiS3uLaO
fcJ2UAPNvIO1u+wmvX/iN4x1Ifsv+Ib/AE+1TQrqHxBYNC9i376Tzpry483cvqSqjr92vMvgL+13
4y+F/wARtH1DV55fG+hyt9mvfD15GC06yfKxjyv+uHBVu54r38NCNSMJym0o3so9dfu6W1Tt0Pk8
Upup+7at8z2b4Q/sJ6r8T/D/AIqGj+JrbS9W0nyLm38N6k0Tpcq6vgzfMTDvKbQe5611vhf9nC38
efsa6pZ3Wiz6f4um1t9WguYbYNBFLBF5KRM8YO6CQbwdufn5r6X8Pj4Z+HG8ZfELw3o2m+E7SzsY
mu428y1gu7iT54476IjesiMPkA7txXm+sfF34heDfCetS+HPHelaXrkWiQ6rH4ehtI5IbGN5tyRR
xhd6yyGWNU3s/m7sYU81pjXhMvrU6dWDblZ6t6deid+jbaW6t1S3w2HlVp8zf+W1zzz44/DTw38O
P2MPD/g/S9Rsra/1PXLNJtUeEG5nvJUcz4wN+Cu0BSQNm2vzz8Q+HLbwx4rvNEvZVdrWTyZbi3bK
Bh1zjPTviv1w8W/AX4c/FbVL3xJ498Pz6b4XtXe7tLCG9Npp9zqEqhtQuG+fcCsi+WdzADbxur8z
f2mtX8Ba78SLyD4W6Bb6L4P02MWsb27SSfbXTO6cvISxDE4X2XNenVoU8FN0o3et7t7J/ZdtNPU5
eX39HZW/Hufo/wDta/B3fo99rx3TaPbtb3OpCG5MAmiZYlUREAjc3TLDpya87+DP7NerWektL/Y/
9i3U0cjQazDdwvJYDbvUyRsp809sLXvnxa/aAtvAdneJNCt8YfLtE0toz++2wxgq7EEbW+nSvlXx
N8UPFfir4f6tb3GqN4Xg1tpYobTQ4ltLZbfcN0kjjLli4WHC4ym7NfjMI1a3tI01aLm1dvS9+y3t
/ku52zxWDovlmrytfyXmzpIfEHiy4sbez1DXP+EoseHht/toja0CMFa7c84TsobnLcV6J4+0+G38
F6hFI2nra/8AHrdXlrciS7jiUAlYrdMsXztOePWvnvwr4+1WDS9ag1m4lm8PQ2wTyZp/LnnmQhhA
jOPM2c+YNv3E/wB6ubPxj1f4oatY6mYpbfW44TGs+mKY18mE71wAOCo68+9Y1MpniJqU9ovo7Xtq
rry7bd0z6bhvhvHZ9WVKnJRg72lLa9traOSu0tNua+w/4cxaxP8A8JxotrdyWOi6DA8t3YLIS9yy
n5mXf8is38Rxmvfvgz4civPgH4mit7VrO0m1exmhj3BwoBlUqrffbHctXg+q6r4f0a0tfEFza+Zr
FxLPb3sG5n+2+dj5yv3VcN8yjoTX038Lda0v4ZfCHxJomvSW2ntYX1g93fMpw11MZC1uTg5eMDnH
T5q+w4ZThneHxK0tNdN7Rkn1111u+jsfIcTZTWy+OLy3GpKcE4ytt0as9NGndeRix/DVX/vVet/h
mn8Ue6uksfjB4Jl+7rll93OGZhx6421sWfxa8FSyRxJrVizP8o2yH/Cv6hea4n+Vn4XHJMCt5L7z
mbf4ax/xQr/3zWlb/DmDd/qfl/ur/wDXrtLPx14bnXdBqVjIitt3faVHI+uKuf8ACZaNt3LfWW3+
99pjO76YNcM82r9bo9Olk+EWsbP7jz/Wvhzb/ZWRY4mbyjny1xz7+9fUn9hr/dr5l8UfHjwnZWd9
Kt82ofZ4z5r6fbNMkeB/EwAVfxr6U/4TjT/+mteFmOOqVow5ntf9D38uwWHozqOFtbfhc+G/ipY6
fp3xg8fT7V82TXbxi3uZTWf4dmhlbb6tXK/GLwrf6j8dviM7eJNUhgfxFfMsMPlqF/fHgZB6VHY/
D+9ijza+JvEiv/stBj/0GvzqWFm1oz9GWYQjvFn0t4H8NaVqNuZrzVra1KMMQ7suc+gx2rotQh0S
1utlqzTKOrdmxXy/Z+F/GFr81v4w8SeyRrCG/MitK303xhb/AD3OseK5vXbewof0irxp5TXlNylU
07f0j1YZ3QjCypv10/zPopVglmXaqr83FUfjRY6/f/B/yvDXiSTwvf8A9t2jSXcKkmSPyp8xHAJw
TtNeC/8ACQa7pci+fqHi3Z/e/tKPP6RV1Wm/ECf/AIVj4invtS1u8SHV9NRU1idZvL3Lcfc2quM4
5rqwWWzo4unUlJWT6Xvs/I5sXmsMRhp0oxd2utrb+p5u3wv+Kt00yv8AGaeZnj2ssiypuz7Z4q5J
4Z+JGl3ml2Fx8aLT7RcfuoLO8spczOB91cHcxrYk8WaRealuW3ZrN4tjN5nKmobrWtLdl8hVVU+6
8kYJWvulyrZnxvO3uvyNCz8J+P8A95F/ws67jn8vbtjsBsjPqN3f8amXwb8U7WNUb4uagys23Elh
FXP6friRX25LxV/2dox+hrWbUL3UreFYNcgtWEn3edij6GtfdfUi7XT8A1jwr8V0mt4l+JlzJ8yf
8wmLqSOOJRXO/HSx1jxr8UviFqmm+JFs18NXt1LexXloRDHCp2tGoH3/ADG7jkbvSpvEjeJbW+jb
+2LHUGbY48mRkKjPvmu8+JGtRaJ448WaPZW8l1f6rq88zeZAZNxEo3sygBREMbVHJJ5r5HiObhCj
yK7uz63h+iq0qqm7RST/AB0OX+Deh6fqmpeG4tXs20vTdXiCWsNmuXhnPzRSQY+7nGN+PY1x/wAU
tU1iy+KXiLS7jVpVs7eSHy7ORgUYAjIZgN24/e9E6VR8feMHe6WyM0lvLLJvVWjYXMcwJ/doy4OM
bQo9awdButR+Jf2yCdrm+1uS2K/ZlbzJpPLGMA8YZK+Lbtebei9Pv1PenVjG8IrXvt6nLtb2th4T
1rVr2Nrr7TI7NCzcb5boqBgfw7fmIP4Vytrqlj/aUcenWdz/AGXbTJcXiRsZLnyhICY1xj90PRa9
CvvhX4k1maaK40270nTbOIpLM0geG52ncDGM/vX7AMOfWtD4X6Ho2h+JNcv7dmjsobKNbgXltl7S
V+AsezOCf4gO9VPGUlTbi+ZrXTbyPInJzkklb+tTt9f1VPhl8JvHmr67C1xaXWpaPLp9sttxCjC4
KBs9h04rH+E/7Y3g/wCFP9s+Nr/4bWmt6nqTQWllfwbYbpQgzII3dXCL93gAEtVz4l6LL40+Hmra
bex+Xby67oSzxTXID+UpvN0Y6DOOgH/stedw/A/UPD/jNfE/h+ObSVs7mO+0xI7kOtpOnKzbTkbt
wz3ruyzLZ4r2WOpUpSkk02ruKV37u+73/E8zGVqNOtyt26n3nD4U8beO9E1DxB4l8KaB4X0bxnZl
NR8D620l1PdxkZhedoQghk/i4+dO/wA/3eD0r9nmTTp9LstP0+e3nZv9DsdU8QzalbWUqjIljUqH
+U8Rly+w14T8Kf2tj8HvGOseJ/jHrvjP4hX8Vo9t4e0pb1XgaVziaSQMQFO0KFbacBmwM15Q37bf
xRs/iz4o+I2nalDpGpa2sVlJp/2cT2kFsoP2eOIN91oez9d7sT96vpcXVlW5FUjFuNrc0byVut77
202eluiN6eIajo9+x9r6p+1R8DNBuPEPwQ+JunXMFrYzfYry0v7Q6haXMmA5kWaJt6tu74yGWvij
46eF/gzY3PiK1+FeqaxqMiKk1hZ6pGXfywC0qxMcFlC85k+fC8V87aoup6pcRS3TtNOhkcXfmEys
WkLku55Y7mY5rnr9LlGxOzMA3BbpXLiFUxTh79rNPTd2/R9fzIjy/aVz9J/jx8YvD1/4217w5eQ/
bJ7TVY3iihkaMyTeTGOf72emB1rxf4ieOpdU1LT7K60mx024sLT7Ktjazgw22cuYzJ/ER/EfXitX
4qPBq/7T/jjSru1tGke882wvfJJMcqxRnbIV5TPQSf3ttavhP4N+HPH+salpGl+bpuqW6i4MMyge
SWyY5SxJBC9G/wB6vh69PDZbOUveau5dXa71svnq7eWgQw8MTKzV76dttbHIeNbu68WDT4NY2yan
Dp9tb6fMrFY47MoCoVehBY8t+dYHhvUdW+HupC0sbpBNpbXFvJc2+BhWjKOoZhwMNIN2K7zwysml
tNomsw2VxqWkR+bZanHunRoIyW2hjyFdn4OMfLxV2z+D9k3jKfxXq15/ZsV7d/bYYZJCRI2c8Jnr
935G61jLMqeChKnO609ebZq3a/5n2mScX4jIJOj7JThro9G+bl0b1093bl1u9TntL8OeJLCSXU7l
ZNLsdN099Wt5WjOy5g+6wlIzksdu1PXmu48dXGqaH+y/4g8R2erWiJrGqaNfQCxYkwsxufMiJbJD
HGeua93v4dG/4V34yh1b7dpNo0MFtI6xGbdCquxZeGwUbnivOPEnhC28FfswXFhd3dteQXmr6Vqr
WtvGJIVZxcfvRvyB5gCnpxXnZVj/AGlSljNnukuyi9O/9aHzOaYzE5ti6uMx0uec9X2VtEkuyWiX
Y+Q/DvxSu9Ovo5dSVdQsipWWHzBHIw77mzn61vaL8VEi1C3ightLjzJBFFZR5JZy3AXBOfrmu402
+0+3Vo4tJjuGf52mktoc8j12AV2FnrlvayfJp+mwuuF2LGu9cj/ZXj6V9FieKsQr2pN/9v8A6WPB
+rUf5V9yJLqzg8PXDap4m8ZQaTokWPktbKOYQsTxEd5+Zu+8V0i/CG7nsd9h9puLd4t0E+7y5lLc
lgQPl47Cqq+NJfJk8/T7KOD/AJZ/aMYwvOdvNbVj48kRoYPOVcL8oj+SFfzr4erxFnHJrJt+qtb0
Ud/O51U6GGjvD+vnc428vPGHgvw7qlr/AGPd3iwxPLfywxqXk3rtjzEMZA/56AV97farz/n3uf8A
v23+NfI958Qr2K3kVJlmwhb9yxwo9cmvuD+2m/vP/wB9V7mTZviMV7SVWik9NeZ67/cbclONlBWP
j/4lt4OX4ueNzc+KtStrs61d+bDF4cMqxv5pyA/njdj1xzTdP/4Q+VVVfFmqN/tN4cI/9r1D8UPD
vm/GDx1L5f39du2/OU0aT4dZNv7uv6QhluFcIyd9l18vQ/PZZnivayikt308/U6Kx03w+yzMviaX
zf8Alh/xIJVT/gf77P8A3zXSaboegSqv2jxJcs//AEx0eVR/49NWXpeg/d+Wus03RR8vy1xVcFho
7N/f/wAA76OMxMt0vu/4I1fA/hu/+VfEV3/wLSWP/tWuX+NXw20TTvg7exw+J2sY7nW7JnuZNDkm
2skVxgBFmU8565r1rS9FT5a5/wDaG0UN8H1RfvNrdq236RS1y0MLh6mJhTd7NrqdOIxWIo4WpVil
dJtaHx6ngjQQqpF8RrnzT/z7+GJ2H5G4q1D4N0h22f8ACyLtdi7ju8JzdvX/AEitRtLNu25reORV
+b7uD+Yq1HqH2Vt72Mdw5brNy3419ZUyTDL4eZ/Nf5Hx1HiHFSf71xX/AG6/8zmJvDnhyCbn4gXK
yBeFXwpODj6faBQumeH4l+X4jXaq397wnPhf/JivQbjVLfxHfQsvh3zn+7+56tio/GHhF/stvF/Z
cjXA/wBUNuPKHXBry5Zfh4tRkpJ+qPbhmGJnFyg4tL+6/wDM5PS/Cekayu+D4nMzDDfvvCs44U/9
fFfQXxO/Yv8AE3i/xd4svbD4v/2Ha6zfPdNZrpM8nlq+Dt3CYYPC8rXi+j/DfVb23meKGKFpGCq8
jELHzz7dK/QTUo5E1S4Xd8u7b+QAr4PiZU8LGnyPm1e+vT5H3fDaqY51FVvGyW2l73PlfTf+Cfml
WrXlzefES51HV7iApFe3GkmQwS8bZRucn5cVN4N/YMh8Ja5dag/j+PVJJoQqXF1orm6ilI2uyyea
BtPYYyPWvbPix8YPDvwQ8HyeI/EkzSR8pZ6fDjz76UD/AFUY/wDQm6LX5szftWfHK88Z/wDCTS+O
9SiggvA/9jQqsemqudwgeJVG5MfK3c+ua+NpYeeNhJNJRenXX7mfUYxYei1CV3bt/wAMfaWpfsX2
uqKq3njKC8aBke0ebTpwYivqyygmqcf7DkFhp8NrZePIm2LtNzdaTIZoxkk+XtlCgknOcUvw5/b5
8B+JLPy/GsbeANWjXM32jM9i3ukigsB/vCvRNe/as+DXhzT4b28+J3h6SGZo/LWzuxcyEOcK2yMF
gvqSOO9cSwkqXuqn+MmvzZrToYNx5ozt91/yPEPi/wDs3aT8Nfhd4ivdd8VS6npd5qGkrbR6fosz
z2klv57+YB5wyWG7kdK+WPGmgfC7xjYW8OleOfEnhyabMss8fhGdxcxscqFRbkYXcOor7L/aq+OX
gbXP2adU17w/4jsPEmnQeILfTDcabMJBHcNDOPx+Vs88Ecivhn+0rjUfD/heMQyr9m024tVmjkEg
kVChSRWXOFbDbQfxr6PB4WPs6dVxtKN+rXX11+Z5FelQjUklqvXyF0L9nr4aQj7PF8VdSnu/NhWQ
y+EZCFmmJVAR9p/hI+asi5+BXgbUdFjkl+K+ttpsU80QdfBb7PMT/WHi69wc1es7ODWWa6WaeO8i
ns4oZo2A8vzGO7kd/SpvCf8AbEGjs9rNBcWqXtxEbaZTmSQFNx3D++AvtXptWldrUmNGm9TmLr4N
fDbS/s7f8Ld1m6eSISp5fguV9oyeDm6HNeleG/2EvDfxG0O8v9C+NMmpW9m5jlj/AOERuIf3ixCV
gN0wB2qa828SXSXGrRs1r/Z7lf30bLkNJ5jl2/HOBX0B+zf481Xwp8P9YgihjuNDe+nxatG0jrI8
IUkyL8wB+UjIx2qXztrktcp0aUI8zOu+LHwZ8IWHxe8XXD/ETVLVPEl7HLLbr4VlnhjmUIyxm5WY
EbGGWUY9K5dvhn4K+y3nhrSPiP4mt9Xsr5769uNN8PH9/G6/PCpafec5YqM9N33q+lvEHw70dfEX
iCze8vob2bVBqpdcRyRybUBCZz8rdT615y3wfm8P2+pR6I1ozy3ZuIGm3eZs3B0jLH5c/fBOOm3H
3a9uGQYXEcs6kW76vV9j52eIcXZHkei+A/h7LqOvap4a+JGt2MPmF30y48MNlo1A3qMXGWiYLx02
V6VoOi/DPUdLtftvi6516B4k1CFV8PMu3J/dyDM5IA+ZTXK/ErwnqE9jcava2Om2epWjTW7ajJkS
Rxg/u1+X7ylW+atLSfB89xp/hfVrjyLW/trIrcCzUGO5DqBkEY+tX/qjlOKl7OvTb5UteZp223Tv
scVXF1LKSt91z1DS/ih4Y8P6TDY/8JZrO6OMQv5Ph7Yk0QbcFb9/u69dp571aj+HWjftT+D9c8Pe
HPFkuhy6VHpRnnvtAZIcRzXDDaqzZ+ffj2215PqGk79yt36NXvX7HccWhx/Ea6uGW3ghsrN5Xbja
iySkn8BRV4KyPLaEsRhaTU1t7za1dno32bFRzDE1qipzat6HE2//AATnu7W1ZV+J+m/af+Wcv9gT
fKc5P/LXmpIf+Ce+p2fnLb/FbT7dZF2gr4emyvOT/wAta9y/4ag+F91pNxeWHjDT76dIy0djuMc8
hBAwFcDua8Nh/a08X6H44uLrWfs2peH7dZFm0eG2WAqc4Rlk5YY689a+aWSYOW9P8WespNq6HWv/
AAT9ubeOS1T4qWkjIwZlbQpSV3/Muf3vGeteO/ETwH4Q+EV1NpeqfEDUJLhZxF5ln4Xkm5Uc8tcD
73evdPBPxssPDnxQ8UeKtU+1yaXcxhZNNjbLxs7BkJLcYC8fyr53+NlpFe+Lm1Lxr4slt13T3f2O
3jWCPyxiUlAg3HbEf72TUzyHAbun+LNIt3szSvvCvgvSPBFrr118SrtbPUrH7XCZNAImWNl3YZDc
j5q+zP8AhNPDv/P1qX/gpP8A8cr4X8WeFfDFl4Jjv4NLsv7Ll083sd1JaF3aJxuyqsCT1XivuT/h
KtA/6ef+/ArOlleFwzfJTtfzf+Z0WTV0c7438J2T/EHxNPK0S+ZqVw58xvL6yH60218L6dtVluIo
/wDY3ZP6CvnL9oH9pbRPA/jzx4U15pNe03W7yFrC607fDOVmddkTq2Q4/wBsYxzXkmn/ALcniW9v
GZZLLTbdVLq81t5wY4+VflPQ96+nhminBcs2raaprY8KWAjGbbhfqfoZpvg2wlj3pqkCr/tKR/Oo
9U1Lwn4PWRtc8VabpqxfKfMnUH8V5b9K/O+6/ay8d6pawxf8JYtrOJds89vaWlrujKn5gzZKn27V
5vqmpaJdTLf/AG67vp9s0sv2jVFfzHByoDlTuLDkg856VyvHyk9Z79rG/wBXhBe7Bfifo1rn7WHw
s8NeZFZatL4mvEYfurFTHHjuTMwxx6AV5j8fv2ptD8efBtr/AEOzudPt9H8Uablmn8ySbzYbn7wA
Chflr4dm8eaRqVvDBLp9tbz7hL58Nz5abcY2lApw2e+fwrt4mGqfADxRb6asN1df8JTogeNWMiYa
G9x+B/WuOvOVSm+aTXz267m0IX0aVv67n0v4F8RWfxB0P7bEsUd0mPPgjziPd9088jNa0mk+VIrJ
H8w/hr55+F/7QGkfD6Gbw/ZeF57i8lux9suPMOd5AUAjBwAfT/axVP4nftTW/iERabbXl54bhgVH
vobFXe6uZlfLw+bhTHAFGcj52PXAr63AcRwlhoxrScqiWulr/ofG1uH5zrv2MbRv32Pq7R/E0ml3
kLrZ20cafL8sfatbUPiJJdL5X2NZmLcfLwo9/WvM/wBmm1v/AIkWeqLr/ijxbaxWMdhtvW8PLMs8
l1P5SFCw3NEu6PcRwOucV7kvwMuYdftLfTvirLBJHqN7YS2mqeEWWOd7aMySjzA3AClWV+j7flrz
555hKsub2Tv5Nfq0/wAD6KGS4yiuT2yt6O/4Jr8Svo+vXbLHE1jbbCyKHuI8bs98eleU/tGf8FLZ
vAPxE1bw94P8ELqF1pWr3Gn391rUx8uR4mKMkSRHcPm/jY/hXQ/Fmw8U+CPBkOt6b488IarBN9gm
tbS3srmC6vYrt/8ARxE7hkV5Ar7dwwNvNUfiP+yl4C1j4teMPEE2k3941/qU081guuSwRrPJJlp9
yqDhQW/d5529cV81mWKwldRlUjom/wCtz6nLMNiaLlCMui2/4ZHxN8T/AIyePvi144/4SHXtQW4/
dpLCY8RxwK/McQU8Io9PXk81yt9rD39neWVxqjSKZC26PL9f7u3AJBr7Fuv+CdvhjVrnRZ7HxXq3
h57/AD9qstq3ixqflTa7bWIPynY9fKnj74bW3gv4h+LPDenTTX1roepSafDdTqEecLxuZV4XPoK4
I4qjNNUnt0tY9Z4SpGznHV9dzz/ULyys1VfMubpUjCedMwyxBPUHPrXq/wAJ/wBkH4gfFmz02907
SrLw5pmqwPNp9/r92bX7dGp+doURS8o7jA57V9q/sW/soeDLz4KWPjPxF4P0/XtavLy5/wBL1KPz
hBErbEVFYlB0Y5xnNe0XENnqkjafb/ZJtX8OyoLLy1XNlvAKxqo/1SOvTH0FcNXNIw0grvv0OyOV
ym9XtpY+RPjJ8JLT4VfsCQaLBqUOsXs3jPTr641GOwa0WVWhljjjAf5ztVf48H2rwbwfoett4bjs
IoZ4U020mvbi9sb9U8mKNgrsx+UjJdQB3r7g/aqt/wDhJv2f7x1mtrMTeJtISX7cx2LIWlVs4B5G
c5xyK+Zfhzr8mnXniLRUuNGt4L3T7uK4aSIG2nWAGWNSXALAuisAf49telha850YSezb/NnNPCL2
1RR1cVf5WXpr8zuv2e7Pwdf+Bbd7zw/oDXs84ma+1jSZb6aTaSB5reeg3qw4wP8AGu08YR+CPD3h
++TS/B/g7zbOUyyQtot1AVLDLy5FycDhcivFfhzNo2qf2fpekeLtGWwupUW3abUoo7mQtCjuXidl
KnzC45xV7xZ4ZNxo+tNdeJtGks7jfZRXNrfrdeYW+VpGVDu2ovX17V9UoU7JvsfGOrU5nZnH+L7/
AMIprdjB8QPBl94R1O7ggmOneF9RxstHG6OXF0ZVLOzGRRnpxWl4b8TaJ4I0WTSfCuuWniKzW7nv
rqHWIDY3tsgUBAV3YZtw+/Czg+lY8fhfXvjdrniDx/4vvJ7dtQaKygTSbRYIWjt4kiU7SCFUKq7c
dfmNWNc8L2HhKzZnvJNSitYp7uDzrSLesqxEDLA42149SooPbXX/AIB9Pg6P1hcrfVfd1/Q+9NYW
Vfip4iuNWvmt5bi7228FxGo3RCJNgQ49KuXliXb7teb/ABE/agvNG8bapo0Xh+0umsJI7UTSNI5b
bDHzjisPRf2rJLhpF1Hwutwu7iW1Zo9uP4fmDCvtKGIioI+Jqx5pNrY9EuPC8SXE0/kqzSKUdezK
exHQ1k3WjiKNUSPy40XaqKvCgcACtDwz8fPAfiiSO3uJrnw7eStsCapHiDd2HnrlMn3xXdXljp8U
LStfWiwI20u1zEUUnoCd2K9GOKUdzkdPmPF77RR825a5H4rQ3ejfAfxdPBJOrPqmlRN9nk2vJGft
GYwMjdnuveuq+J3x28DeBoV2zN4gl2u8o0vayQhPvAuxALf7A5rx34v/ABy0/wAQ/Avx9HBpf2OG
wvtJYM0295JJUuwF4G0EYzxXk5nmlCrhamHhK8n29U9/+Cb4fCVIzU2tDw+ZRFp63unWP9oRCOMz
WtwpS5VWJVJU3HIVmHT8amvviNf6C2raHLfSxyhoMvdYk2y+XloSTnvx9a5DQvGUv2hdTuP3FzYe
H7aKPzJcCcLv/eY5ycdBXW65cW9/fSXUlvLdP5sFlFbtbCTdvXc7FFBy237vNfDwqVKb956er/rQ
9hxtqdBdeLPEOg65dNf65aXkHyRXFiuPOkIUCMYCkZzwOar/ALQkeo6pceE7K4WTWFheC4klWBvM
jDxDdAVUfdUcVR8QaXrVrrF1f/2XLcXFhHOlnLDbCASH+CQDJBO3ua9g1TwrI/hXS9v9pLdJp6XU
81vPPvUMo3s7A/wscc4xXdSrqvdpr7zWKHfEKzufDPwJ0Gy1G4nZv+EZdQJLZkEiPGhABI7DbX05
/Ykn/PGWviv/AIV3p8umyf2p/aWqXDxFYZprmbHmoMt8pc9e/av0k+w23/Pi3/fRrWV92jSOx+Xf
j67bxp+2r8QtA1yaObw9F4r1eW4gkjj2tFFPIQucevXvXsHg34f+CtSk1p9c8B6JDvvd1nBcWgjk
jiI7Dj5Gxlawvil8KPDunftH+P8AxPDqF3Dqg8T6jNuuJAYstNIXBVR91ssBz9a377xlJeMs91eN
fPt8pTtVNyIPlwPb0r8ez/FLFVHTwsnFLTS8bNPV6b37nqUopQtLc66H4M/DG5WQf8IDpKg4TDQs
BJ34+bmoT8APhTbNvk8E6Squ2VSNpd/4jdj8K4XXPiOtnarFHfWzSyM+N0hQ5OPuYI/LvUf/AAkw
sNJ8+e8jut+95ZIbkpyv8O05PXr6V8d9XzFRTjiJq+3vy1/8mBuGyirnVL8GvhT9qVYfAOk+RuKz
PJPLvXIOB97A3Vc+I3wr0/wv8DdWg+H/AIbtLGe68Qaal75Lbk8lYrnBOScYZuorz3VPEnm6XNar
cLm4j3SJu3nex5zt5B2rgV6hoPiODWfhP4mie8/0VNX0x1eFlJbctypX9M5r0MKsdRrRqzrSmkpX
UpSafuvdOXnp6GclCXupanz5o37NnimXV5NWbxHpdnDNAIZxulaSTBJ5KgcgbRmrV/8Asqa74h1S
fUZPEXh64eaExB5LC4kLIeA7k8FlA+9XtMPiSys4Vt1uGh/eERbWAK7em5sHrnpWXea/FPunt7yW
O12+a26ckRg8E9QeTXfTzzNFLmhNJ2t8K/VDdCKjZ3/r5nq3wj+KfjD4ZeIomi0/RLfwzbWMWmQD
TYCLm5iijT967nK5MgY4/uV0Gk/tT614KbXpbzXrvVrfV737RDDrEnyafGQR5MZ5OzvXzveeLLPb
CsFrBHtV4l87cRkDIABIzkc1h3msC6WNJV0+acRgFpIMrkckgdj6U443MZtN1nFdlyr/AD+f5Gkp
/Nnp3ij9pS38R+A9D8Gy/EhbO10m5jYahHHELuYAuBHIHXYU2vjAH8K0fEb9oDx54o8VfErRfBPg
xre+0PVbuG413UbkLatBFcJGgiEgG+4lxt8scfvOF4rxFfFFtazMtjDpunpwk0kkcidSB5jADGP6
19J+M/2v9EsviB410/WrC404aFrZ05DHIJGuoxuXzkBxjBX8fWvpcHLEzpzXLKtZqyk1pv2S3O3L
pU5VpOdX2em9t/8AI1fhx8eNf8a+NdSu9Z+HuofD/wAL+HJZLrUtR8Rq8fk2qRZTHy48wYb5Bke9
fA76xe694i17VEt55tLu724uhf3Gc3MjSll255+6e9fQ/wAcP2ydD8ZfDTxB4R8P6fqVxfXKfZ7+
e8b7PFZQeYCNpBPmF9qjHAxXyvqHxHsdMjk06TRYJEjkL5jvW2KfvdQOTxxnvXvYHDScJc9Lkb0t
6ddT0cbiVGcVTqc6XW3XtsfoB+yF8UPF0vwO1TQtKk03WL3TNSBg8PTXxtp4baRsvLIxBVRnd5YH
B+am/Hj9mnxf4u8S6l45+F/i2XwZ4s1y2FtrmnT3bLb3aqmxdsig7Wx1GNvcbTXzb+zH+0P4Q+FX
i7XtX8QSXdjb6npcVvusf9KCyLJvUOowwyOhzX07N+1p8Ob2TQ1sPHdlDNfXMT+TIrDdGwceXKcY
T5tucmvMxKrYLEXpQbX+FtW3sethpYfG0G60knfuk77X9Sr8efg540f4V3l3YeIpdf1691bw5p0c
EkGyOMxefm4cLkNNJM7bnCgEba8q+HX7EHxOvPEmg6tq2o6bpWnWOp211dyXVtL5flpMjnbuA3fd
r6T+IHj5IvhPrl1pmsQXDDUrCIvY3oO0MZwctG2e3rXgdnq27Uvt63k8d5tKiT7bM+0NwQA7kDNe
9lsvrGFhUa116dmzwcxqTwuJqUaUmou1/mk9z7J8beEvBlxBJLpt54At4nkP/Et1Dw/YPD5jSFjI
5cFwXXn61n+IP2dvAfiC0tv7Q8MfDXXJjc/aLe6t9Lh04pGq7vnELOs27uDgYr4q8QfCPwP45uPP
16Ge8nbn/j/l+UnuF34H5Vhzfst/DeDd9jbUrNu/l6oe34GvUdGHIoKUlb+9K/33v+J4zq1HHktG
3+GP5pX/ABKPxa+IFv4IuNL0Rb7T9N0sSTpPaWc/+qhGdkccY5RQ23HfFeSn4jR6pJri2EepMk2n
/Z9OMkG957nch+7nPIDDgfhXsln+zX8OrBmmaO7vLo/ekuL0vu9+MV1Hhfwf4b8BrcS6RZwQ3Uil
TeSTl58egY9B9K6I8qVrXBVaqaala3nt6HpHxu+Bujaj4+8UavPHqTXVzO9xLDb3fljLRx5UHgL9
O1eI/wDCBeB7LUY5Liz8USSogZbb7WzxR/QI2OPWvbPi18Xrfw18UvFVvrMMumouqSJFfXUAktpF
wDuDpkgf3gy8d65HWPjlpMtvG2iXi6hK8e+QaTOCcZxnbg7v6V8X/bs6VaUKtB2u1dcrVtt/0PPl
Sjv+r/zOT1KHw/onhtbiDwz4x1S38wRATTyQxyFiThi2c+lTNY+FPEFq1nZeD/GV088n7sNIwGFO
TkkDFXL34t6lLNHFb2t7fLtRZ/Ou4EKrnl+RtwPpUbfHGJtcurC18QW1x5KjdEs4fbjJzlQRk+le
pDO8PODuna3ZfP4TndHqnr8/+Cea+KtD0zS7r7Fq/gm7h8uQL5N5q08fPIEhP49RUnjT/hHLL9mH
x9a6JpLabu1vRUkRrs3O5sXmD83OcDH0r06bxhba99nlv2W6YxhpJrySEIw9NpU4475qj8Q9J8Pe
OfgL40tNNkZVg1nRZpFsfKbtdqAGCjP3mNcOGx+HqYuMKcny3e7lZaN6p6HStrN6nyj8PPBl5q/g
zWvEF1dW1volqiIbWTc0t9MnKxIq8455NdV8CbHxJ8QfHzaHplrcte6hZySxCOKT91IpJB3f8s0I
LKWbjHWs7xlr8fg6yt/D1jqVrqVhpNmksB5USSyE5IKgNkA96+8/gj4q8AeBvhD4dstO0efwz/a+
n299qF5cfv5L2V4wTJJcj74zyqcBB2719Er1Yyc9nt6ERpc8mn0PP9D/AGa08OaasXiHXp5tXfZ9
o/s+ON4FU/8ALLLjEuD/AB8V6dqHjzwZ4L0WbQUvpdPa4YJetqVlNbGYqNirjB+RRwsecd62v+Ey
8Pz2rTtr1s2nDorSDewPpz909t1cT8ZNYeLxhcJ9otlib97F9onAOAozzwDnsK2pUoSuo6Py3N3B
UdUjx3xtrlhZzahb6XeQahFBbb4vJ3EqHyPLctjlcdR221+gnnN/zz/8eb/GvzfvrW9v5NW1JJrK
8aWDbJ5d2HKn5+xwK/R7+z7v/np/48n+Nd9rJJu5j1dj07W9SuE1nUI1aPYs7qA0KN391rNk1S52
7WaNl9Ps0X/xNWvEH/Ic1L/r5k/nWWy1nZDJJNUuP+mHHT/RIv8A4moW1a5/vQf3v+PaLr/3zXin
xd/bE+EvwU8UQ+G/EfiGW414ypDdWWj2xu3sNx5NwVICle8a5k9q8803/gpL8GLzxbdaLev4h0S1
jl8uLWL3Th5Ev+00asZIx9VaiyA+qv7YvEZmWSNWbq32aLLf+O1T1zXdQt/Cd5LDceTL9rgXfHBG
OCJMjhaq2Gp2OtaVZ6npd9banpl7EJrW9s5BJBPGejIw4IpurYl8L6hGv30u7fK+xEldeEUfrEOZ
aX7I5sTf2Mrdjk5vF2ubdq6lJt+9jy4+v/fNVZPGGuf9BSX/AL9x/wDxNSSWpqrJYivtksP/ACL7
kfJt1f5n97I5PGWv7t39rT7vXbHn/wBBqvJ408R/9Bif/vmP/wCJrD8feJLD4feF7zX9RhubiztN
iyJa7d/zHaD8xAAyeTnivBb79s/w9p+vaba3Gl2lxZXrxI39m6tHd3UAdtnzIqhGZTtJQN0asZ4r
A0ZqnPlUn0t/wDqp4bF1oOpBNxXW/wDwT23xz8cbzwJY6bda54iu4YNQ1CDTLcrDG+6aQnbn5eFG
Mk196yaDpU0azXmn2UkoQbpZYUP6kV+PX/BRPVrjw54b8CWcUyQyrrM138vJ3RIgU4PBALNXs/xr
/bB1DwB4u1x9S8Sf21badq0tpaaS0atIzNsZ0yoA2Lj+MEDpXzmbVo+05IxSUeytulue3llCbpOq
2333fW2iP0gj8O6M65TS7Eq/OVt0w36Vitd+CDeTWTPoP2iHPmwN5O+Mg4O4dvxr8yfhL+2lf+Nt
G8ZtrfiDVtA0/U5/sOlWsM2yaOSQH94pTHlBenoB71xei/FCDwpHoKaTdR7NW02T7ffwsF+zXAnI
SW4Y5dztVcY5O7mvFUm09Nrf18j2Y0W2k7q/dP8AH16H6V/GL4reFPhbolnNY6TpGuapeTxxJYwv
GoWEth55GVWIjQZ7cngV8u/GD9pXU7z4kLpHhvVIfDPhtrK4fyNN0WH7TeyQqWkHnyjdEhymCEzX
y5D+0FBoel3lnpraXDeLeTPJNNmczZyciNV6sRgfN1rg/iF4ui8TXHhm8n3XE5sby4vIYZBH5bSK
AA7ZAUdiveuNTnUSco8qfn/kn+nzO2WHhSbjGTk15f5tfqfoR4P+IGsN4Dae/wBUj0mfUG0mK0dV
iTzJXildos7RuYhc9Oe1egaba+J59u/Vrlt2P+Wa9/8AgNfGtjr2hfFL4K65Zwf2hpaeGNS8P3sV
958e9ZY1u0jaLZk/KRz/ALy1l2994w1GxurJfit4yZfLMIW31YoNjcMuMHnB9aWLzWjhKjpT8umh
hhcsxGKgpU1ptv2PvpdP1y12rcahOrFtvzQL8v1+WprNdVS4vkn1KKOKBhsO1c4IH3vl9a+AfBni
Hxp4NtbjS/D/AMUPFtrYWeIoreS5Wf8A1ZO4L5qnHXkV3mm/tIeP/Bej3TJr0viaW5ZHt21q0iup
4mc7gQyheB90KwNcv9sUJNWT+463k9eO7XyZ9rfYdXT7143/AH7j/wDiabJHqqf8vG7/ALZx/wDx
NfJd1+2D8SdStbWTTdS0Rknj2m6h0dXXzFO2TBY4O09cVyPij9qr4sapoV9ZW/i6DT7m5UvHc2el
wQzwbf4UZgcDjnI+lVLNKGzv9xEcsrvXS3qfQXjT4gavZ/ELxJFFrlzaxQahLEqXEceIx0OzIPFe
leBbfSrzwXdXF7fbZZsL9o4jk543AqoxjtXzz8WrG/vfiBrV5aw+X5tyGLyfckfy03N0/iPNFr4J
8W6iyrbzWMLKyRfNcmMMW/3vSvflFWTi7HiJ20Z7/eeEdD8IWSz3/jjxHfSzys9rM00TRoMYCldu
1sddx714N4qsfH/h6+vksvHE62sMb3ESSNEJJIxyBlFILYrWs/B9zLfR2HjzXNW0W8bH2NIbbz4J
UH3sv0X04o8VfAfxfBcM2h65Y6pprfNEJLsWs8YxnayvwT9DzXZhZtVPenFX/mSt+X+Rz1ork0i/
lv8AmeX2vjzx/deY0virULVEjEwNwq7JAf8AgNexfAX4pan9h8ZPrOrS65b2klgIftEavt3tJu2q
VwOleS+NPhZ4x8Dadaza5pclvp90xEM0M6zxMQM4yhOPxrsP2c4bdNP8afatPttSi8zTcQXkhjjz
5kuCWXmvcxVOnPDyqKzWlrJd0t7Hn0ako1Ywaafnc9wXxMdXWT7PIu6X/VC3sIHkbPQDchAOa8/1
RvFOnXC3sHj6+sW3Bp9GvmVxEgOT8yqF/wCAjiuwvJNY16byH0/TbO1t1K27WLFBEO6qAMsPrXMe
OPhL4i1mysYtO0651PUb3KyW25XjtgOm92I2eobmvJwbiqii5KKe90np8zur35OZK9vVFDxZ441H
7LcXWl+MtLa9Zd32Np4htz2+VdmfavM2+PHj2C8ZrrXGutvymKRYynoMHBrovFX7NPj7w5ZXGoXm
jW1zbw7WkbTphKzZ4+WMAMcd+K8zm0e7i+V7G5j2ts2tbMOT0HTrX2GCwOCcGoyjP5K6PBxGJxHM
m04/f/kaGvfGrx7dWdw3/CST2/7sttt4Iox09lr7G/tzU/8An+n/AE/wr5Bh8E6U+k2t7qWpeXby
K7T2ysEkYAHhD1+pxX2h9l0X/pv/AN9NXm5lLDR5I0obXvaNu3kdeE9s+ZzlvbqWNe/5Dmpf9fMn
8683+N3xGuPhH8JPFHi2whW41Wwtgmmxyfca7mkSGAt7K8iyH/dr0rXl/wCJ5qH/AF8yfzrzX45f
D27+Kvwj8UeFdOmjt9XvLYS6dJN8qfa4ZEliDezMm3PbdXxB9Cfj94g8L33w/wDGl5LpumXPia4s
W/tC91vUNoM7Bhvlj3Z43N1O455rq/EXh/UE8VW8X9ivfaLdReVd3N99lkuF3BDJhQB91mTnqe1O
8TX2p3l9rFg9iumzpHNYz2F9kXVtJlPMhdMDa6MnerWoa9qt/db3bS7dfMM0m6eQjaxjduw/55qD
XE9bX/pnYlvb+kfSf/BOLW7rw/H4r8Bz3V3NpbwjWdNguVZfsUyS+ReW/wA3QndA/HBHPWvtPUoy
nhW8Zlb5rm3x/tDElfBv7I/jAeF7zXviDrHm64t5HNpOn2OmwTOzRxxi5vroyBSkQREiC+YQJB5h
T7tbzfGrX/Fnwx8bX/hDULvxYn9s6RqHlNeqJLaGaO4XypLnIjluflQSCNAg2r987jXZTqeytUn0
OOrD2l4R6n1Qyn+61H2V3+9G3/AVJr4L8Za145na306Dx5/Zd1eSHFtJJJDNGM4AEvVxzjkDNcXr
ngf4t6bYxxXniRry0nk/diHWJjNK453HnIx3ziuh5xBfDf8ABHn/ANnVVf3b/iff3xB8NeGtb8Ny
J4102C98NWr/AG65F9H+5jESE7zn+6K+Kf2nPD/g21+Nnh/+ydN0uz8NXOkWEqWdrGqJLDIwKTAK
AMN09fmqx8J9P8W+H/GWtWHjXUNXm0PV9C1DT5f7Nnn1fyZHiCrI0a527M55HSuK/aZ17RdQ+J1n
qemap51hp/haw0WF7i2khuJZoMZKwuA38NeJiK8sVi1UTdrfL/hz6DCUlQwjjJK9/n0On/4KTX00
Xj3wPp25VtbTTXlSFVBKs0+3p9EWuS/aI8U6Xqnxw8daNqr2TQWuu3TRveSFCrZAYBh9O4ryr4ze
KPEHjXXNNuPErbtajgjiaS3jC7gzbwDg43ANX0/+0J8XNK8B+OPFcmrfDXRtasJvElxZzzLJJHdM
VAYOr4IVmHXjmvVlNYibqXsmzgwk6mFptU4p2Wt/Veh4P4a8Z6X4H8PNYC4stVhnuxcRJZXO+ZZV
B2nA6c966nSda1mfS7Fvse7bAkUc0d3JskAkcsMRBlYjdyO3XrXMxaH8PviNpWqaroXhy88L2j3Y
gSG91I3rqxicqFcqp+96iszwX8PTZWNncwySWt3NYi7MjSPGJMyOuNyMGUfL8uFPNQqW+rsegsdU
b1hG+nR+Xmacmvadp1nZy3txGsU008txbwzy71Lsd3mIsRZSdvAz0q9dWuv6l4ft/FSafBHoEcUi
iSaY7G3H5S0YGRtYZGRiuMGo+IfD82j6hHqVzHFctJ5RtW+1yWzAlSGQ4bOB+VVv+Eo8Swabcaqk
LXGlzfMbuNmjRhnHOCAOexrNU46WlsVLG1W5c0Fd76eZ9IfBnWZvGfwd+KFvZXlteT2tzoLxJYsS
7bZLkMp3Ko+Yda9C+Gvwvl8VyXnn332O3itkuopu0kTkbeDgkAnBrzT9iLxjax+D/ilqOrWrSaZB
d6A10Fwdgae4VpOB/dNez654sj0nxEt1A1t9ie5usC1bePL3R7FCNn5Qis2exr4XPHN4p04dlqex
l9ROlzy77IuXnw5i0bQ9Q1y61C7ZYpAs7xx4EO75VI9QW+Wo7j4e3ctrdaTrlr/Zeo7be93xyDyP
3wKxhJPlzgj+LH51peJPihH/AMIOyXm1fOn864hk/iKndHjsuevPavM/+FvRy6hNYXW6+S4sjCbm
bBSFnYFWT+6yAcZ/vV8tRjiZ6x6P+rHtTr0aV49Ht3udBH4VlsNFaK4t51n01TLEsjBPMif5WVSc
p/rBy/eum0H4J6dr3h23v31Btm5Gki4QKfn3KrjORuHf61wej+KrvxVpd4llIy6vPLI8tg16XeZW
+by+Rj5QvbHpXWabrV7F8NNP1a1tZ/sV95qHd/o8ltKnyXEDR9Yy2z5CeB/wKtMT9YfNNSs9vzHR
q0lFU+VNb369NO3S+3U+mvEmi3d/4u16LSLr+0Lh5SgtIWYGMBRxlgV9/SuJ1Cz13S/LuXsbuzVM
5uVZX2herHax4HrVHWvElhqXxO8VLpeuNM1temKeyhZRNDJtQqpVu3uKG1C9S3uLOW8jsZQoiFvb
qD5mDnLkZB56iv2he6tbNfM/Nm+Z9vuDxVq3iHQ4459X1BbhXbcssNyszr35xUek/HJ90MUtxPeT
xf6rdGG5qivhu3upJrOe3W1ugryy3f71BKo5+WMAgZqa18D6a00i6dqEFikS8zXSlDJnodo5Ue/N
aQ9hJWm7f15XIm6q+BXNrxl8WdY1nwrJYPcfZ0ZTDDaxrwqty2a5HwK39m+B/F0qzeSv2nTF3Lyc
bp+mK2pPAdvFNIrapBdN/wAs2jYJ5gHOfn/lXD/tCeMLz4ffs+6tqmhzR2OqTa3pcM7yW0cke1hc
dExx0r16OJwtCHsYaptNu39djz6lOvVftJaWWh6p4b+KA8OKzW6yTPL8vnbSXX6ZNa1x8Vtd1eNo
rfUpfs/3mhjtjlgD0ypH61+f+l/tUeJdOjVbyx0vWl/56tGYCw9/LP8A7LXo3h/9rzQvsfkXmj63
ps7/ADSLZzxTQt6YyVf862dPBz96EtfNf8OZKtiF7so6eTPtSb4z+LL/AEebTU1Kzt7Tci/aZICJ
FjGMKFXP+NVfFXjv4k3UbRR6xp8bRxiJba1i/frnkFdwyHNeB+Bf2ivhHrNjDa6j4k1DQ9WuLkI0
moWkkEcEQ6YcblbJ6/pXbQ2aX9032K4tLxWkLR3UdyH3L2bcCcAj1qqNGgpvl5Xbut/S7RNSrU5V
e+vZlXxBY3el+CdQGo+E1W/v5DLJrN98skfdY41z8o9fWvpzy3/zivn9vB6fYbi41nWlsYtpUwLI
JLqTA6qDkfma+mPsdt/z9N/3zWuKxNNpJNN3b0vbpte/bpoTQozbbattva/X07hr3/Ia1L/ru/8A
Os1lrktZ+LXhv/hLddsJbjxNHPBfXEJddOXyN6vhgjlsED1NZ198dPBvh+G3W9/4SRYnbYJ5tLGc
k9/3tfPLC15PlUHc9p1aaV2zP+MXwH+HPxQjbWfGWlxWeqeV9nj8R2t22nXTbQSkT3CffGR/ECcd
K/Je31y30L4jX0XiO38rS9Nvgt1b6hdi6McIlBMKIuFnf72CRyPvV+gPx20S1+M2oasng34wT+Bt
G8QWS2+s6b/ZE9yuoFMLukUyCOFu2U+d9vX5a+b7z/gnZpEWLqf40+c7N8jL4Ymkdu2f9f096mWG
qx+KD+aGqsHqpHmvxe/bJ1bxtBfWei27WkF6v2e+1G5cl7yFJJDaRiIEJCIVfCY/lUPws8WTav8A
Bb4s6z4gafVL2913QEDLHGVaURX6xmQYA2L/ALIr0xf+CcWjPDG//C4HZZj8v/FJzZY9Mf6/rXpH
hr9mD4f/ALPPwf8AFFx4z8Tah400HWdX0pFtrHQZoJIJ4VuSC6tONysHbvxXNWpzVN3ia05pyVmj
538Oav4S17wDo99ea9cw6/pMjpcaDGxtktomYk7BtGdzBZDJk46EV3uk+NtQs/hrqk9rNJa7Z7ay
isId08kcclwiyTJImNjKN2zOeK9K03xh8AtGkW4tdB1SNvurNJ4XDlfozXBrpLX9oT4TaXHttbjx
BZ7m3lo/DkSHn3E4NfOzoV5S5uRtX2bR69KcIqzmk32udd8N10q103WF0bVLnxQ0V8izXEi+WFKx
naI3ZUL8cse9fMH7ZuoT6t4CtdYvbVDqMPilrL7Y0m6basG8w8cAAnpXsutftDfDjUrOa1tfEHiS
xab5i39gK5Uj7pA+0dq8W+JsHw/+JXhD+xrj4gazZ7dUfUQ//CK/uI96YIVRdZ3E8kk08NQrxqpz
jZInE1ac01F3PnP4xa4da163vGvVvr37DaW7zQx+XEzrH82wYGV9+9frX4s/Zu+Cmvax4iufFHjP
Tbq71OZri90/UtWt44YGZUO3y9wZWX5gGzmvzvv/AIZ+B9SmheL4lXzJGqRKJPBAkLc9Wb7Sc5Nf
oR42b4CW/jTWk1LwjBNq/wBpK3kzaBHJ50wxukJLc5POa+iwuEq1lywhdr8Dx6laMLupK1z5+8Z/
st/Cn4O6VqV94T+IGl+ItGjjk1SSGTW7Vp7KaP7qxhGy6lS2c8/jXztpPxcg8OQ+GY9N1DS7i3TS
3bUPtSrJ5R85yoAwSWwV4r76j1j4IQTL9l8K20KL84RfC8blQvU8N29e1XtF+H/w2+KWpSajptrB
D9nb5lk0WOMckHIAlzwBycV01MFiaCdSUWk++yFTxNCo1FO9vQ+E/BfxY1jxbr1vZy+DdEXSfPKz
XkNsY9wPIKk/xEelZ/xm8P8AgJtQutLs2k0O/Me4puIgbPrk7fxr7s1j/gn9aeMo/tGl+IpNNgSd
5V3aWQ9yH5Pl4mGNvrXk3j//AIJo3ureKL/WW+Mdpo9o87tapfaLI4XgDbkzdR9K41KduWSudM1T
vzRdj5n+FNzF8KPhR8Tr3zm+yzal4djE2nyD94N94W+9kbTtrnvFfihIriSw0O+n0+1vfIiMW5nD
StnLcDIyeq/lX1n4m/YksdJ+CXijRdQ+LMWo21/qGk4vbPw1NiAwC6G3YZRu3ed1HTbXla/saaPl
NnxbnZ0dHyvg+UszBdnX7RnkVMsnxOMaxFGm5Lb7iFj6VBOlUmkeZf8ACYf2jpej289xJNbieXTJ
pPPEkmEUL521skNy20njH+7VG4sdQ064mlEct1aws8skMchwo/gAP95s5Hr0r121/ZD8P6dHfpH8
UWWS5fO7/hEZiYx0xzcVd1T9l/w7qOm/Y2+KE8K7Yot8PhWYHan3elx1zz6VyrhvMlL3aDt6B/au
DbV6iOT+Hfi6Dw5dM9hDLHdTNGjXk22R12ZY7Vx8mf8AVkA/Wtb4W/Ho+C9Lkl1G4Vk1S5kbyrpd
/wC7PGT16fKCOuK24P2bfD0GuWuoj4jmDySxMNp4UniEvOV3YucZU/xdTVe6/Zm8MXsU63/xKluo
TvZPL8IyxyRszbjIWFx8zdua5Z8JY+pfmw8ne3qddPPcJC3LWSsc9+0Vp+uWXx4+JF+un7rJtZna
OaFSPlIB2qV54Hauq+H/AO0Be2Gjx2HibQ9ZvpbddkOq6faNP5kYGAr4A3FR/EPxr2b9o7w3Yz+K
tWsp/H0ujwXN6WaGz8NSSRyFQmI5CJhucIvXv1rx+8+G/hi/azVvihrMdraodsEfhyYKzHGMkXOd
o9O9ephqOb4qPPRw/NG7V077dzycRXwlGXJOdnvrpudlZ/tFeHLdlVf+Egt5XXaouNNnhDJ0PJ7D
v2rP1r4xXV1D5+lwrHblipmmU3LsfRVA6VYk8O+DJ/Dcmkt8SPEipcyRteO2gSSCdU6R7TP8q/Sn
aHofgvQY4XtvH2t2+pIhQXVr4caNFyey/aDj39a1+p56tVgXczeLwTtF1lYybP43a/p0caP4V1DW
lVT+9t7KSDaf9klSrflXG/Ezxt4h8ffA34gLrti/h+1ttd0J7SGSylwpJu8jdjc5rpdU/aY+H2ki
80mPx94qk1LzNhuYfDHmCR+nRrocmvX9f8HWHxD+BmuWFz431ayguLnS7pTH4YeS5tsGX935JmOW
bPPPFeZRxWYVaipuglfS99T0J0aEIcym7ryVvvPz/t/Bdy8auviDSVyxVka52OuBu+62M8VoN8Od
T+xx3VvqFtfb0DxtCu8MG6ZOeD9a+hv+Gc/hheyRpqnjzW761jxiH/hGtjyMD1YmY4z0IFd3Zfso
fCPxY1w0vijxHDcfOXik02ayVRnOAqMBt7KPTivUnRx9Nc04NL5HFF0ZfC0z5AuPAfiiw3K0cEyc
YXzwm7PpuwM1peFdU8ceAb6O60vT76zl80YMcZkjkk6Y+TOTX2dD+wn8KtSkhSXxJfSfLw1xHO5/
AtLTr79gfwnoNj9og8VSR2bybllk0KSb5wMhgWuBzjvWSr1YvbQt0Yv+v+AeCx/tha/4fjvItct9
GuLy3jO6327JI8jIyBjcRX6Rf8LUb+7F/wB818ar+xT4X0jULe8k+L2oWrXi+VFb6b4VjjmmkAzk
MZWx05AFfe3/AAg9v/0HLv8A8Bl/wrR1q89Zx+8dOlGGiZ53478F+HVv/EH2DQYNQun1Se6aSGdk
nlumbncS20gMMbWGwVy+mmz0bwvqT634dlhgvENvqP2iFZp7bH3pBIc4DdsV6Zrq2ms6/rkupeIv
scEV5Lb7NqxtHGGPy5XnH+9Xl2ufAy5n0ibVPD3j6w1JzIFbT/Oa3WSRjtCozPtbI9V5r3cM4Vly
1qlnpq7/AHX6HJV5qfvQjf7jG0Hw38KPJvLptWiuLXcVEcjNa9uCQc5b3xXK6f4XsH1DULfwX5ur
RLchYrWRWLzQqMkmQ4VcfMfeo7z4T6ppN5JFrKrprJGZRLGy3QYKfmx5RbGPU8Va034c65fss/hm
11TVNLaTyTdWcYgfk8qSW/M9BX0ioU0pWruSdt9Y/fom/mjx/azdk6dvTf7v+AdxNdXNr4ms55bf
y9LsmDRwNgdO+AOtanjy40Dxz8P9UTxLo+oahbxahaPHbw3ewtIVl2kNjgY9az9P+CevxLNF4m1i
Lw2yxb44Lq9/d8/c+ZAdx9Rmus+FfwXtotP8RWN94gXWLaSW0mX7OrHyynmD+I45z2r5ytChTTl7
VOUdrf5nsUp1HJXhZM+U9W+FcEszPYWq29q0ny280azf99Ngc1TvPgjrctv5Gg6DFfXSyhpBdW2U
VMZwM4r7+s/hj4YsvMRofO8nKS+YwwpHJBA7iub+KX7Qngj4bWMiy69Y2729sbrc0EtyNidYwkYJ
3EDAyQK4njuWy3PQPhfSf2f/AIkapqzS2Hguys2iyhuFsslSfTJrQ8QfCPxr8PrG3vNc0/SV0ib5
fNmtI0jilJwPMwSPm6Cvtv4GfG+z+Jtr9ke3nk1G0aNL+ezYTwQtMokhxty23Y2GkPyKV6/drx/9
qTx9Do3j69t9JhWS1sbXZqEFnfnzLncMlngkjaD5MZVGx5v/AHzUvHzVmojWp4xqnwDl17Q7OfUv
D+mtfxSbjaxwBNyNgZx7V9SX2l6fda9rVvdaTpNqj3rq0c0YeS5I7ucEZPpXjvwf8RS381rf2skl
imozxNPdTaT9pTyycrbyzbz9mJCttjIT1+Y1sePPEk8XxI8TRbV8pNSnVV3fdw3Xmtoe1xsU4aNH
PXnClZzPXvBejaR4Dn32Wm2Ol2+sLuvZZpN7TwdNozzGv+z3NO+IXiTwnr1xZ6clvZW9mjebHMts
A0Ui/d2kDPGPxrxXVPE1xtVry+lVFUNEFUlWHtVPT9etLqbdcXC3Cr8xWb5ePw5rm5Kknzyk79yV
OEfdSPQr74ka5pf2x7O6vZreeMQiSRWG6LPYA/Kc9xXIr8RJP3cV5Is3kyb45bxjM6ueCRmvQLXU
vD9l4bhutLmljuJmDR2slyZNxwRwrZKe1cXceE/D9hDdNrel3cazNulvo2k862Y84wRjnuTVYdUZ
Nqon8rXCo6iXNBr5mhpslv408G+LES6kuoraawuZTNk+V80ozx1rB17wjaJHb3Vncaasn/PKx3Rv
9SD0/Oo/HWqp4P8Agpfav4AbVvC92+s2MTa0zB2u4wZfkAkBRhxnGK8vj+P3jtLiN4vE0Vxu+YC6
023k5Ycr8ydf5161HPaOVt0OSTSfl2W/3HnVctq41e15ldrz/A7CbwuZfm27t38X96oW8Jt/zzrL
uvjR4qluobzUG0mTzfn8tdJFrHOFODyp4yeCRXdaf8bvBdxYq114f12zu/LLv9nkgng3D0zhtv4Z
r3qHFmXzXvNxfmjyKuR42DfKlJeTOXk8HyL96Fl/3lxVe48Jt5bfu/4a7DQ/2jfhd428RLoUfia5
SeCAs0+oWzfZ4GWTyzAXXdhgT06Vl/Ej45eC/Ac01nBa6hr17GoeRbeAw2yw8l5FlcYbZ3QDPpXq
LiLL4R5p1V/XyucCy7GSlyxpP8P8yP4sQ2l7488WaJrc32ezub4vb3O7HkyKAVYe6n8xXk8mg3H+
kSvC0iwyFZpYVJjU+u4cAHqK9b/b9+DUt38PI9eivI7jSdc1a2mlG7y5oNymTC/31wK8q/ZO8fa7
8FtN1ZVuIta8ONLtOi3EozLa4yDlgdzxfw46p1r4LKsynlFSc0uaEt1fr3W/n+HY+vxuFhj4xhtN
bP8AzM+TTT/wGsnxJJ/Ynh3VtSZV/wBFtpJfm6ZAwP1r3LxRpuieI7xtX0P7ItlfMZVhs1YCMH/Z
YDb9BXzv+1pqn/CHfDFbCJW+365ci0hRV5ZFwz/n8or9VxOMUMBPFrT3br1e34tHw+HiqmLjh33s
/Rav8EeI/sw/Dl/in8Vm1G/j8zSdHxfXTMuRJIT+6jJx68/8Br9PPh7YvL4Z8SRW+oR6TdSy2Igu
5twRZCZcZ2818sfBD4Fah8MvDWi3VneRNrP2a5/tiwmuWS2nuJVHlq2zPMX3eelfQdnr0Vr4N8RW
v+svLaXTDdpCxKQyMZf3e4fxd8enNfiNOHNJRSu3sfpU5Wi29ht58B7+LxBaweJW02xeaU3FzJZ3
+X1BSc5QEYU+p/2q6q18O+ErLSWSz/tS32bGuBqU5kkjBbAzkkcVl6L8Rp7XS2Vo4LyNV3N5zDzI
wOMYPaumsZNf8R/Z/wC1LXSWs51L2r6hJH5cA4+/EvJBzxu4r0q9avL3a2iRyU4U171PVswda0/T
NZuvs+na1aWt4nyx/NncV7gDpUcOpavpGnyWGo3H2pQ37swyfu5B7Z9a2viF8Hrqfw61/ZyaJeXt
lEdy6OwgdQ2SQAf9b0+Xbj/gVeO2OuajoMP2NI1Xy2LYuIzvUn1BrWlg1iafNRldrozOpiPZStUX
zO+864tV+33EatLF89osbElT6kDrxX1N/wAJFJ/0y/79CvhHWPFXiCfSby6WSTZyjX6x8RkjiPdj
avsOtfXX2u4/5+Jf++qmtgKlJLma/wCGHTxUZ35T4f8AiF+01pOh/HL4gaZq+l31ulhr95b/AGuz
kEySbJiBlMq3Psa7jwL8bvAXiVma38RafZ6puLQabq1o0AkAHRWf5cnPTdXz78YPhnc638dvipdL
4bXYfE1+0c012yPLmYkyY5XFY9v+zjrd/aq1rp/2dmUbkk1aJznv8pXmuH+2KaXLO2mnQPqcm7wv
+J9vWOgvqNrcPBZ2Olrcx7Gvobs20ciD+HYhKvk9sV0HhnSfFuiW62unNY2cW3ebaGSLzNhH+tKg
kkDp618g+A/BPxY8GzR2ujaxd2umwKWme4kE0Nt3Q7V4UN0JNdZJ4o+LOmyTTajoMV9bt8p1Jdog
nccYR2+/9RXRLOqNaDi5K3o3r63Mlg502pJO/wDXkfRFnNrr6XdPr2ktqFlfZQ3Myt/qwcFgTwPT
Pauh8O6hoXhLwtrzabqFtoc1zeW0Qv8AS8B412uUyXJUnIbjGK+SNS+Nnj3SGktbhoLNJljXe3nT
Q8jcQY0+bj3FbnhHwf8AEX49+B/GGkW95aahLBfaZexpCwtIYIliuQ5w2CckqMV588xoVYSpUZ6v
or2OiNGakpSjt33O50741658Mtb1bS4tagm8JLrL3U+q3EH2e61AMIndYTGjCPB3BpG4O7ArrPFv
7QHhr4t6E+hz23h46TNLsuZbLVADAGBBV/LII3IzAhu1Ynw78K6z4a8G6DZeIND8UahFp3l6l9v0
tWn+3iSN2MblDhk8tsBOxVc816z8GfDM41a+l1/wMl1exyTMLufSbeFvs0s5ktIy2PnaOAqp5JHr
XnzhXqR92ai/S/6o9CDgvjV/nb9GeOfAXw3oHguPxBqc8mhL4gudSvLj7TZ3cfnx2DS7bZUMLDKL
Gi/u8bBu5Gay/HGn3HjDXJpb2Zl0Pz/3drDIUMszf8tGAGDt6DPbpWh+0PpXjrw9rfw3lv8AwrBr
0nhlri//ALS0+wENlqU7/uz5oTCx7VZcA968zutD8bXWpWerz+H7uNZWF3HaNcqEjjJx5anfu2g/
jXJVqVIzsne3r+HkQ9dj0zw/8G9UsPhZ4D8Q+F7W9hv9Qtre41rT9Pz5d2wcsZHVuMj5RhvqK7jx
d8PbTxH4q1pdOuvO8QzalO8ttGwdNpbOP9kr3ri9B+J3iXwHHpuiPrUkamL/AFd1IriQg8gxjnPP
FXPGGqGw+JXiie31Ce3l/tCb5lYZ5OSODXtZdiaj5vZXi13W/wDwDlrxhJJVFdGhfeCb/wAP6G01
x4dkuGhk8mS6mkLxxFgcARgg5756Vy+m+Fbu4VbhdPaSJc/vmgPbr65q03iS/nkZrrVLm+iOVaGa
QjzM9zjt6itzS/ipd+HrOHTreOKO3Ri0iQsD5wYH72eeDzxXc6tdJ6Xb9TNQp3XRfI5/bPa3HyeU
ssS71fyyCuemOhX6101rcWX9nyJea41wt5GEnSOMF2A5ILMaNQ+J0V/pa2b6f9nldv38seP34/n+
FcfJm4kklWP5W+bcq4RR/IVdP998a5Wuu5lUl7L4feudR8QvHFtZfCPUPNkbWINP1KwhjtVjH7tW
MoUoMbeO5PavBYbrQUsWnvVtI0vIjbypeR+TGwY4zlc4PutemaT4l0XWvCPi6wsD4J8S3Vpf6b9o
03xNqktraLuNwFxcRA7JiR8uePvZrCvPCFhdWL3eofBD4g6VYPJ5p1T4ceI7XxNaRSA5EiR5Z8KR
kDHFfLZlhJyxDdF3262PYwldezTmu5wGn+FdTt9YvoNO0201TzpTuP207NOhztSFlYbgwP1z1Nei
aL8P3t9Nhg1eHQrif7rTW8bKi46YJO6Q5/iP5Vwdpqfw7sry8g0X49zeEdVfMUmkfEPwxNZyKzZL
kyjgEtz0ro/DXwS+K19q63HhLxN4O8fabcRh5ZvC+vRMcY6+S+z5u/FeHUw2Ia5Zwfyf/BO6Feku
j/Q6Pw/oMXheGG1srWx0+y8/aIbOAJJI7NncPL+bDd65Dw5Z+I9B0+aLxTpNzqWvadLeS/abK/aa
C9guGJVT5vyuwUeXt6DrWnrE3xN8EW9xdeJvA/iKx8qQrDMtoZwwB/vIrqD3znFZs3xClvbeZ4L6
KR9p3bsZ3kZ/OuGeIWHuqqa9VqautDRRbVv68z6I/wCCgWl+Ib74NeFZ/D2h/wBoQ2l2ss1p54he
Nzb7IlOeMfM2f93A+9Xytq/wg8WeCPg38OLvTdJXXtS1XWdTkuZbeJ57aKwAjUXmNoeFU+bduxxX
6gX1xpd7pH2DVltLi0mgiWWG6kXZJ8qnDA+9cf4j07wcmhWOn25tLSTTN/2C1t2MixLIdkoMIO10
Ku2Y3yK+/lKPJyN7niKn73OkfGWrSah4I8Vap4cgvmm/sq5NifMUfvCvRgvPDD5l9q8m8Y6RJ8QP
jx4Un1lvtVloely3tra+WEh+0GX5DgH5tvU/8BFew/tG+JNN1zxuvh+00vUG8W2UaMdTbytPju7M
qZGicHjzo/lKY4fcyD7tfItj8Zri18SalqLWtzY36WLxacsjLPJMxkwis+AuCoXr0NOFfFuPs6k5
ezfRt22TWnzD2GG53OEFzrqkrn0N8O9S8XxN4msr3SYND1TU9fu9SjX7SJhBbOsf71GA+bcw+V8f
hXdeIFj+Hfwd1qfTfLaeTVtNSaW4XPmhjOT+JPOevvXzevi4+FdWh+KX9rNrUXiWe0tYdKtVuILa
yyHRi6jKuEG77x5fmveLPVNQ8dfAnxFFPHaW+q2et2MN0Id1zBG8clwpK8BiD9OKidZ4dOut4m0q
fP8Au7aMd4J/aAsNOmjtdW0mC3V12G6VQ4Uj1GN20/jivSpNa0fxfov2rRLe0j+0783lvelxhR/q
1VsbeRzXz7deDdYnkt/ssf2r+GZvsxTzM9/m9K1tF8E+LLCOT7FqEWjyzMPO8vOGK/dJB4JxXmPP
qU3erFp97/o7BHA1l7sFdejPbvDOjva/um16W3V183/iZMqR8cqVCZPt81SXmk+H7WzuHv42vp5p
D/xMZJ5EKg9yBlPlPGc815XdeC9Y1e1W31fxZc3CMu2aGFQgyO/ArFvPhTaPa/Yk1jVGsmbdJbeZ
8jY6EJ93862hxFhKe1Rp+S/Ut5TiZ70183+h6Zr3xc0Dw5os2nS+NLHT9LmUtd2cai5KsOBJGiDn
gfxc19Tf8Jbpv/QcT/wCk/wr879U+Cujf2fcBdQ1BV2nKL5fzcdOnFfdn/CO2n96f/v4P8K0p5th
MVdUr6b6W3/4YUsBiKHxpa7a3Pzv+NHxCnsvjx8RLdNYVY08TX8JT7WR5eJXwMZrF034gQXHnLe6
gsjR4xtnGWz9TX6FeMP+Ru1r/sIT/wDoRqnD/wAfDfVK82WEUm3f8C1UsfDsfxG0qK3ZWvmVSu4o
tyAWx64NUbr4vWnnfZ31SWRkwoSScSJHjoBk44zX3lJ/rbj/AHqb2b/PpWP1HRvm/D/gluvJs+A7
z4yCK3uPIvvLEKnJkuR835e9esfs5/GbRPBvgf4ga54w8TfYbOS+0qFZ9zSbZWW4YRjbz0Vq+opP
+Pe4/D+dO1//AJEnUP8Ar+tP/QZa6aOEV0r/ANWFOq7HjK/tdfBzcrL488vH+zcfyFY+g/tPfBfw
zqGoXDfETX9ckv2dme81i8KQBjnbFGCEiA6DA/GvRKK7I4NR2nL7zH2re6PLfiR8cv2dvi1rVrq3
ibxRe6lcQWyWsdnNqN4LRY14H7pMLu9W6muR1bx1+zLdRx2tnD4ft7VflMkltcPI3/Ai26voCitf
q8tEqsvvJ51/Kjxfwj8Yv2cvCsNjBAvhuRIJU2fatNkunjwwK4ZySNrdAK85+MXxW1BPjt8RLWOz
lk8rW7vyXtZFPmZYldwPTIr6u7r/ALw/nXrzf8jzq3/Xd6bnVwkb05u776mc4xrNcyPzRtfjJqs9
v5tvoeoSK7bcLON+T7Y7dzSeK/i9N4WtdPTVdX03R9Vupo2Fn8t6Y4WPLs6H5fl55FfqP4m+4v8A
uf4V4jr/APyHbj/dSlh8Xi6zvKpZeS/zb/IiWHpQ6Hw/efHDxA0y2WjeJtNhV/m864tMP1+6MnAa
uJ1b4gaz4hvL6PVNUbyo2Pz61dyCOTAxkKHC4J7belfpdqv+qtf+uwrJ8Rf8fV1/vGjnxM/iq/hY
apU19k+Mv2dvG9x4e+GPxOvRe2niEw3eioLLw3AsZT97cno23eDjGFOauaL8bfAH9tKpvrnw1rN8
73EzzWzWE6yHpskPybs9G3AV+gPwr/5F/VP+ulv/AO1Km+K3/IAX/cP8xXn1sNCrW5p6t6XO2lJQ
hdI+V7b4s69qGmNY6j4kbxJpcbZksvFC2muQTAHGQZg5x64auc17wZ8MtRlN5qnwy0vTbqV1xq3g
TU5/D1wnpi3ZpYDn2xX1z8N/9SP+uf8AhXbah/x56b/wP+tNU61OTjGpp6X/AFNeenNXcPuPiHRt
SvvCrSxeAP2kvHXgf7J+9j0n4gad/aNig7q11bl4xj/aSuytvjH+0PcxvLN4S+FX7RelovmPc+F7
u3mu3U9xGCrqf+2Rr6yuP9fdf9cx/KuA0X/kvWn/APXOuyF37s7P+vVmE4pLmiT+IvD8EvijVrm6
vJGMs/nGyuG2IgIBMOR8xMecVrf6NFDJBbzNZxuuwvbyeXIo6fK3UYr1zXv+Ql/22k/pTV+63/XY
/wAxXL9VjGTa39Dr+sOUUmfFfiL9l3wlqOrR6suratNdRXJuI5ryf7VJHk4YFmG5uvHPyf7VeM+N
P2IdXsJmvvC+sWmtW/3Fh1Jha3WAeBuP7t/bGK/UiL70f4/zqnef8fFv/wAA/wDQ66VGovtGXPB7
xPxLh0Hxh8HfEGqL4m0u7t9NvrZ1bTbhWSGRnYfvN+NmCB2avdv2dfiNFF8LfiBBPqEt5PaX2kvN
eSYTzvMacZwDxgrj/gNfpZ4s/wCSbz/9cj/6FXm/h7/kX9c/66Wv83qcTB4ijUUnq1b+tSKclRnG
UFsz5ft/H1lLGrteQbd23HmCtKPxhYSt8l9FI33iI2Hyj86+mLf7i/jVqH/lt/1xavillF/t/h/w
T3I5jK2sfx/4B8ut4mttvy3UTdW/1gqrJ4ks9u5LiBvQLIvevrSz/wBQv+9Tbr/Wr/ntSeUP/n5+
H/BNP7Rf8v4/8A+QdS16ze1uGaRfljOfmX0r7E+1R/5UVXk/5eP9016nXr5fgHR5rzve3T18zgxe
M5+X3e/U/9k=
","True","True","Area","product.product_uom_meter","product.product_uom_cm","product.product_uom_cm","","","","40.0","300.0","40.0","300.0","60.0","product.product_uom_meter","Use the category value","product.product_attribute_2","True","product.product_attribute_value_3,product.product_attribute_value_4"
